grid_id,lat,lon,check_dams,storage,width
0,22.185,70.885,0,0,15
1,22.185,70.895,0,0,15
2,22.185,70.905,0,0,15
3,22.185,70.915,0,0,15
4,22.185,70.925,0,0,15
5,22.185,70.935,0,0,15
6,22.185,70.945,0,0,15
7,22.185,70.955,0,0,15
8,22.185,70.965,0,0,15
9,22.185,70.975,0,0,15
10,22.185,70.985,0,0,15
11,22.185,70.995,0,0,15
12,22.185,71.005,0,0,15
13,22.185,71.015,0,0,15
14,22.185,71.025,0,0,15
15,22.185,71.035,0,0,15
16,22.185,71.045,0,0,15
17,22.185,71.055,0,0,15
18,22.185,71.065,0,0,15
19,22.185,71.075,0,0,15
20,22.185,71.085,0,0,15
21,22.185,71.095,0,0,15
22,22.185,71.105,0,0,15
23,22.185,71.115,0,0,15
24,22.185,71.125,0,0,15
25,22.185,71.135,0,0,15
26,22.185,71.145,0,0,15
27,22.185,71.155,0,0,15
28,22.185,71.165,0,0,15
29,22.185,71.175,0,0,15
30,22.185,71.185,0,0,15
31,22.185,71.195,0,0,15
32,22.185,71.205,0,0,15
33,22.185,71.215,0,0,15
34,22.185,71.225,0,0,15
35,22.185,71.235,0,0,15
36,22.185,71.245,0,0,15
37,22.185,71.255,0,0,15
38,22.185,71.265,0,0,15
39,22.185,71.275,0,0,15
40,22.185,71.285,0,0,15
41,22.185,71.295,0,0,15
42,22.185,71.305,0,0,15
43,22.185,71.315,0,0,15
44,22.175,70.885,0,0,15
45,22.175,70.895,0,0,15
46,22.175,70.905,0,0,15
47,22.175,70.915,0,0,15
48,22.175,70.925,0,0,15
49,22.175,70.935,0,0,15
50,22.175,70.945,0,0,15
51,22.175,70.955,0,0,15
52,22.175,70.965,0,0,15
53,22.175,70.975,0,0,15
54,22.175,70.985,0,0,15
55,22.175,70.995,0,0,15
56,22.175,71.005,1,12402,15
57,22.175,71.015,0,0,15
58,22.175,71.025,1,12402,15
59,22.175,71.035,0,0,15
60,22.175,71.045,0,0,15
61,22.175,71.055,0,0,15
62,22.175,71.065,0,0,15
63,22.175,71.075,0,0,15
64,22.175,71.085,0,0,15
65,22.175,71.095,0,0,15
66,22.175,71.105,0,0,15
67,22.175,71.115,0,0,15
68,22.175,71.125,0,0,15
69,22.175,71.135,0,0,15
70,22.175,71.145,0,0,15
71,22.175,71.155,0,0,15
72,22.175,71.165,0,0,15
73,22.175,71.175,0,0,15
74,22.175,71.185,0,0,15
75,22.175,71.195,0,0,15
76,22.175,71.205,1,41456,15
77,22.175,71.215,0,0,15
78,22.175,71.225,0,0,15
79,22.175,71.235,0,0,15
80,22.175,71.245,0,0,15
81,22.175,71.255,0,0,15
82,22.175,71.265,0,0,15
83,22.175,71.275,0,0,15
84,22.175,71.285,0,0,15
85,22.175,71.295,0,0,15
86,22.175,71.305,0,0,15
87,22.175,71.315,0,0,15
88,22.165,70.885,0,0,15
89,22.165,70.895,0,0,15
90,22.165,70.905,0,0,15
91,22.165,70.915,0,0,15
92,22.165,70.925,0,0,15
93,22.165,70.935,0,0,15
94,22.165,70.945,0,0,15
95,22.165,70.955,1,5950,15
96,22.165,70.965,0,0,15
97,22.165,70.975,0,0,15
98,22.165,70.985,1,5950,15
99,22.165,70.995,0,0,15
100,22.165,71.005,1,12402,15
101,22.165,71.015,0,0,15
102,22.165,71.025,0,0,15
103,22.165,71.035,0,0,15
104,22.165,71.045,0,0,15
105,22.165,71.055,0,0,15
106,22.165,71.065,0,0,15
107,22.165,71.075,0,0,15
108,22.165,71.085,0,0,15
109,22.165,71.095,0,0,15
110,22.165,71.105,0,0,15
111,22.165,71.115,0,0,15
112,22.165,71.125,0,0,15
113,22.165,71.135,0,0,15
114,22.165,71.145,0,0,15
115,22.165,71.155,0,0,15
116,22.165,71.165,0,0,15
117,22.165,71.175,0,0,15
118,22.165,71.185,0,0,15
119,22.165,71.195,0,0,15
120,22.165,71.205,0,0,15
121,22.165,71.215,0,0,15
122,22.165,71.225,0,0,15
123,22.165,71.235,0,0,15
124,22.165,71.245,0,0,15
125,22.165,71.255,0,0,15
126,22.165,71.265,0,0,15
127,22.165,71.275,0,0,15
128,22.165,71.285,0,0,15
129,22.165,71.295,0,0,15
130,22.165,71.305,0,0,15
131,22.165,71.315,0,0,15
132,22.155,70.885,0,0,15
133,22.155,70.895,0,0,15
134,22.155,70.905,0,0,15
135,22.155,70.915,0,0,15
136,22.155,70.925,0,0,15
137,22.155,70.935,0,0,15
138,22.155,70.945,0,0,15
139,22.155,70.955,1,5950,15
140,22.155,70.965,0,0,15
141,22.155,70.975,1,10583.125,15
142,22.155,70.985,1,10583.125,15
143,22.155,70.995,1,10583.125,15
144,22.155,71.005,1,10583.125,15
145,22.155,71.015,1,12402,15
146,22.155,71.025,0,0,15
147,22.155,71.035,0,0,15
148,22.155,71.045,0,0,15
149,22.155,71.055,0,0,15
150,22.155,71.065,0,0,15
151,22.155,71.075,0,0,15
152,22.155,71.085,0,0,15
153,22.155,71.095,0,0,15
154,22.155,71.105,1,33980,15
155,22.155,71.115,0,0,15
156,22.155,71.125,0,0,15
157,22.155,71.135,0,0,15
158,22.155,71.145,0,0,15
159,22.155,71.155,0,0,15
160,22.155,71.165,0,0,15
161,22.155,71.175,0,0,15
162,22.155,71.185,0,0,15
163,22.155,71.195,0,0,15
164,22.155,71.205,1,41456,15
165,22.155,71.215,1,41456,15
166,22.155,71.225,1,41456,15
167,22.155,71.235,0,0,15
168,22.155,71.245,0,0,15
169,22.155,71.255,0,0,15
170,22.155,71.265,0,0,15
171,22.155,71.275,0,0,15
172,22.155,71.285,0,0,15
173,22.155,71.295,0,0,15
174,22.155,71.305,0,0,15
175,22.155,71.315,0,0,15
176,22.145,70.885,0,0,15
177,22.145,70.895,0,0,15
178,22.145,70.905,0,0,15
179,22.145,70.915,0,0,15
180,22.145,70.925,0,0,15
181,22.145,70.935,0,0,15
182,22.145,70.945,0,0,15
183,22.145,70.955,0,0,15
184,22.145,70.965,0,0,15
185,22.145,70.975,1,10583.125,15
186,22.145,70.985,0,0,15
187,22.145,70.995,1,10583.125,15
188,22.145,71.005,1,10583.125,15
189,22.145,71.015,1,12402,15
190,22.145,71.025,0,0,15
191,22.145,71.035,0,0,15
192,22.145,71.045,0,0,15
193,22.145,71.055,0,0,15
194,22.145,71.065,0,0,15
195,22.145,71.075,0,0,15
196,22.145,71.085,0,0,15
197,22.145,71.095,0,0,15
198,22.145,71.105,1,33980,15
199,22.145,71.115,1,33980,15
200,22.145,71.125,0,0,15
201,22.145,71.135,0,0,15
202,22.145,71.145,0,0,15
203,22.145,71.155,0,0,15
204,22.145,71.165,0,0,15
205,22.145,71.175,0,0,15
206,22.145,71.185,1,41456,15
207,22.145,71.195,0,0,15
208,22.145,71.205,0,0,15
209,22.145,71.215,0,0,15
210,22.145,71.225,0,0,15
211,22.145,71.235,0,0,15
212,22.145,71.245,0,0,15
213,22.145,71.255,0,0,15
214,22.145,71.265,0,0,15
215,22.145,71.275,0,0,15
216,22.145,71.285,0,0,15
217,22.145,71.295,0,0,15
218,22.145,71.305,0,0,15
219,22.145,71.315,0,0,15
220,22.135,70.885,0,0,15
221,22.135,70.895,0,0,15
222,22.135,70.905,0,0,15
223,22.135,70.915,0,0,15
224,22.135,70.925,0,0,15
225,22.135,70.935,0,0,15
226,22.135,70.945,1,6690,15
227,22.135,70.955,0,0,15
228,22.135,70.965,0,0,15
229,22.135,70.975,1,10583.125,15
230,22.135,70.985,1,10583.125,15
231,22.135,70.995,1,10583.125,15
232,22.135,71.005,1,10583.125,15
233,22.135,71.015,1,10583.125,15
234,22.135,71.025,0,0,15
235,22.135,71.035,0,0,15
236,22.135,71.045,1,9438.333333,15
237,22.135,71.055,1,9438.333333,15
238,22.135,71.065,0,0,15
239,22.135,71.075,1,52525,15
240,22.135,71.085,0,0,15
241,22.135,71.095,0,0,15
242,22.135,71.105,0,0,15
243,22.135,71.115,0,0,15
244,22.135,71.125,0,0,15
245,22.135,71.135,0,0,15
246,22.135,71.145,0,0,15
247,22.135,71.155,0,0,15
248,22.135,71.165,0,0,15
249,22.135,71.175,0,0,15
250,22.135,71.185,0,0,15
251,22.135,71.195,0,0,15
252,22.135,71.205,0,0,15
253,22.135,71.215,0,0,15
254,22.135,71.225,0,0,15
255,22.135,71.235,0,0,15
256,22.135,71.245,0,0,15
257,22.135,71.255,0,0,15
258,22.135,71.265,0,0,15
259,22.135,71.275,0,0,15
260,22.135,71.285,0,0,15
261,22.135,71.295,0,0,15
262,22.135,71.305,0,0,15
263,22.135,71.315,0,0,15
264,22.125,70.885,0,0,15
265,22.125,70.895,0,0,15
266,22.125,70.905,0,0,15
267,22.125,70.915,0,0,15
268,22.125,70.925,0,0,15
269,22.125,70.935,0,0,15
270,22.125,70.945,1,6690,15
271,22.125,70.955,1,6690,15
272,22.125,70.965,1,10583.125,15
273,22.125,70.975,0,0,15
274,22.125,70.985,0,0,15
275,22.125,70.995,1,10583.125,15
276,22.125,71.005,1,10583.125,15
277,22.125,71.015,0,0,15
278,22.125,71.025,0,0,15
279,22.125,71.035,0,0,15
280,22.125,71.045,1,9438.333333,15
281,22.125,71.055,1,9438.333333,15
282,22.125,71.065,0,0,15
283,22.125,71.075,0,0,15
284,22.125,71.085,0,0,15
285,22.125,71.095,0,0,15
286,22.125,71.105,0,0,15
287,22.125,71.115,0,0,15
288,22.125,71.125,0,0,15
289,22.125,71.135,0,0,15
290,22.125,71.145,0,0,15
291,22.125,71.155,0,0,15
292,22.125,71.165,0,0,15
293,22.125,71.175,0,0,15
294,22.125,71.185,0,0,15
295,22.125,71.195,0,0,15
296,22.125,71.205,0,0,15
297,22.125,71.215,0,0,15
298,22.125,71.225,1,21520,15
299,22.125,71.235,0,0,15
300,22.125,71.245,0,0,15
301,22.125,71.255,0,0,15
302,22.125,71.265,0,0,15
303,22.125,71.275,0,0,15
304,22.125,71.285,0,0,15
305,22.125,71.295,0,0,15
306,22.125,71.305,0,0,15
307,22.125,71.315,0,0,15
308,22.115,70.885,0,0,15
309,22.115,70.895,0,0,15
310,22.115,70.905,0,0,15
311,22.115,70.915,0,0,15
312,22.115,70.925,0,0,15
313,22.115,70.935,0,0,15
314,22.115,70.945,1,6690,15
315,22.115,70.955,1,20585.71429,15
316,22.115,70.965,1,10583.125,15
317,22.115,70.975,1,20585.71429,15
318,22.115,70.985,1,31120,15
319,22.115,70.995,0,0,15
320,22.115,71.005,0,0,15
321,22.115,71.015,0,0,15
322,22.115,71.025,0,0,15
323,22.115,71.035,1,32155,15
324,22.115,71.045,1,9438.333333,15
325,22.115,71.055,1,9438.333333,15
326,22.115,71.065,0,0,15
327,22.115,71.075,0,0,15
328,22.115,71.085,1,52525,15
329,22.115,71.095,0,0,15
330,22.115,71.105,0,0,15
331,22.115,71.115,0,0,15
332,22.115,71.125,1,35360,15
333,22.115,71.135,0,0,15
334,22.115,71.145,0,0,15
335,22.115,71.155,0,0,15
336,22.115,71.165,0,0,15
337,22.115,71.175,0,0,15
338,22.115,71.185,0,0,15
339,22.115,71.195,0,0,15
340,22.115,71.205,1,21520,15
341,22.115,71.215,0,0,15
342,22.115,71.225,0,0,15
343,22.115,71.235,0,0,15
344,22.115,71.245,0,0,15
345,22.115,71.255,0,0,15
346,22.115,71.265,0,0,15
347,22.115,71.275,0,0,15
348,22.115,71.285,0,0,15
349,22.115,71.295,0,0,15
350,22.115,71.305,0,0,15
351,22.115,71.315,1,18096.66667,15
352,22.105,70.885,0,0,15
353,22.105,70.895,0,0,15
354,22.105,70.905,0,0,15
355,22.105,70.915,0,0,15
356,22.105,70.925,0,0,15
357,22.105,70.935,0,0,15
358,22.105,70.945,0,0,15
359,22.105,70.955,0,0,15
360,22.105,70.965,1,20585.71429,15
361,22.105,70.975,1,20585.71429,15
362,22.105,70.985,1,31120,15
363,22.105,70.995,1,31120,15
364,22.105,71.005,1,31120,15
365,22.105,71.015,1,31120,15
366,22.105,71.025,1,32155,15
367,22.105,71.035,1,18299.23077,15
368,22.105,71.045,1,18299.23077,15
369,22.105,71.055,0,0,15
370,22.105,71.065,0,0,15
371,22.105,71.075,1,18299.23077,15
372,22.105,71.085,1,9205,15
373,22.105,71.095,0,0,15
374,22.105,71.105,1,35360,15
375,22.105,71.115,1,35360,15
376,22.105,71.125,0,0,15
377,22.105,71.135,0,0,15
378,22.105,71.145,0,0,15
379,22.105,71.155,0,0,15
380,22.105,71.165,0,0,15
381,22.105,71.175,0,0,15
382,22.105,71.185,0,0,15
383,22.105,71.195,0,0,15
384,22.105,71.205,0,0,15
385,22.105,71.215,0,0,15
386,22.105,71.225,0,0,15
387,22.105,71.235,0,0,15
388,22.105,71.245,0,0,15
389,22.105,71.255,0,0,15
390,22.105,71.265,0,0,15
391,22.105,71.275,0,0,15
392,22.105,71.285,0,0,15
393,22.105,71.295,0,0,15
394,22.105,71.305,0,0,15
395,22.105,71.315,1,18096.66667,15
396,22.095,70.885,0,0,15
397,22.095,70.895,0,0,15
398,22.095,70.905,0,0,15
399,22.095,70.915,0,0,15
400,22.095,70.925,0,0,15
401,22.095,70.935,0,0,15
402,22.095,70.945,0,0,15
403,22.095,70.955,0,0,15
404,22.095,70.965,1,20585.71429,15
405,22.095,70.975,1,20585.71429,15
406,22.095,70.985,1,31960,15
407,22.095,70.995,1,31960,15
408,22.095,71.005,1,31120,15
409,22.095,71.015,1,31120,15
410,22.095,71.025,0,0,15
411,22.095,71.035,1,18299.23077,15
412,22.095,71.045,0,0,15
413,22.095,71.055,1,18299.23077,15
414,22.095,71.065,0,0,15
415,22.095,71.075,1,18299.23077,15
416,22.095,71.085,1,9205,15
417,22.095,71.095,1,35360,15
418,22.095,71.105,1,35360,15
419,22.095,71.115,1,35360,15
420,22.095,71.125,0,0,15
421,22.095,71.135,0,0,15
422,22.095,71.145,0,0,15
423,22.095,71.155,1,33980,15
424,22.095,71.165,1,33980,15
425,22.095,71.175,0,0,15
426,22.095,71.185,0,0,15
427,22.095,71.195,0,0,15
428,22.095,71.205,0,0,15
429,22.095,71.215,0,0,15
430,22.095,71.225,0,0,15
431,22.095,71.235,0,0,15
432,22.095,71.245,0,0,15
433,22.095,71.255,0,0,15
434,22.095,71.265,0,0,15
435,22.095,71.275,0,0,15
436,22.095,71.285,0,0,15
437,22.095,71.295,0,0,15
438,22.095,71.305,0,0,15
439,22.095,71.315,1,18096.66667,15
440,22.085,70.885,0,0,15
441,22.085,70.895,0,0,15
442,22.085,70.905,0,0,15
443,22.085,70.915,0,0,15
444,22.085,70.925,0,0,15
445,22.085,70.935,0,0,15
446,22.085,70.945,0,0,15
447,22.085,70.955,0,0,15
448,22.085,70.965,0,0,15
449,22.085,70.975,1,20585.71429,15
450,22.085,70.985,1,31960,15
451,22.085,70.995,0,0,15
452,22.085,71.005,1,140703.3333,15
453,22.085,71.015,1,140703.3333,15
454,22.085,71.025,0,0,15
455,22.085,71.035,1,18299.23077,15
456,22.085,71.045,1,18299.23077,15
457,22.085,71.055,0,0,15
458,22.085,71.065,1,18299.23077,15
459,22.085,71.075,0,0,15
460,22.085,71.085,0,0,15
461,22.085,71.095,0,0,15
462,22.085,71.105,1,35360,15
463,22.085,71.115,0,0,15
464,22.085,71.125,1,35360,15
465,22.085,71.135,0,0,15
466,22.085,71.145,0,0,15
467,22.085,71.155,0,0,15
468,22.085,71.165,0,0,15
469,22.085,71.175,1,33980,15
470,22.085,71.185,0,0,15
471,22.085,71.195,0,0,15
472,22.085,71.205,1,35255,15
473,22.085,71.215,1,15800,15
474,22.085,71.225,0,0,15
475,22.085,71.235,1,15800,15
476,22.085,71.245,1,33520,15
477,22.085,71.255,1,33520,15
478,22.085,71.265,1,33520,15
479,22.085,71.275,0,0,15
480,22.085,71.285,0,0,15
481,22.085,71.295,0,0,15
482,22.085,71.305,0,0,15
483,22.085,71.315,1,5095,15
484,22.075,70.885,0,0,15
485,22.075,70.895,0,0,15
486,22.075,70.905,0,0,15
487,22.075,70.915,0,0,15
488,22.075,70.925,0,0,15
489,22.075,70.935,0,0,15
490,22.075,70.945,0,0,15
491,22.075,70.955,0,0,15
492,22.075,70.965,1,27260.90909,15
493,22.075,70.975,1,37095,15
494,22.075,70.985,1,37095,15
495,22.075,70.995,1,37095,15
496,22.075,71.005,1,37095,15
497,22.075,71.015,1,140703.3333,15
498,22.075,71.025,0,0,15
499,22.075,71.035,1,18299.23077,15
500,22.075,71.045,1,18299.23077,15
501,22.075,71.055,0,0,15
502,22.075,71.065,0,0,15
503,22.075,71.075,0,0,15
504,22.075,71.085,0,0,15
505,22.075,71.095,0,0,15
506,22.075,71.105,0,0,15
507,22.075,71.115,0,0,15
508,22.075,71.125,0,0,15
509,22.075,71.135,1,35110,15
510,22.075,71.145,0,0,15
511,22.075,71.155,0,0,15
512,22.075,71.165,1,35110,15
513,22.075,71.175,0,0,15
514,22.075,71.185,1,35255,15
515,22.075,71.195,0,0,15
516,22.075,71.205,0,0,15
517,22.075,71.215,1,15800,15
518,22.075,71.225,1,15800,15
519,22.075,71.235,0,0,15
520,22.075,71.245,1,33520,15
521,22.075,71.255,1,33520,15
522,22.075,71.265,1,33520,15
523,22.075,71.275,1,5095,15
524,22.075,71.285,0,0,15
525,22.075,71.295,0,0,15
526,22.075,71.305,0,0,15
527,22.075,71.315,0,0,15
528,22.065,70.885,0,0,15
529,22.065,70.895,0,0,15
530,22.065,70.905,0,0,15
531,22.065,70.915,0,0,15
532,22.065,70.925,0,0,15
533,22.065,70.935,0,0,15
534,22.065,70.945,0,0,15
535,22.065,70.955,0,0,15
536,22.065,70.965,1,27260.90909,15
537,22.065,70.975,1,27260.90909,15
538,22.065,70.985,1,27260.90909,15
539,22.065,70.995,1,37095,15
540,22.065,71.005,1,25910,15
541,22.065,71.015,1,25910,15
542,22.065,71.025,0,0,15
543,22.065,71.035,0,0,15
544,22.065,71.045,1,18299.23077,15
545,22.065,71.055,1,18299.23077,15
546,22.065,71.065,0,0,15
547,22.065,71.075,0,0,15
548,22.065,71.085,0,0,15
549,22.065,71.095,0,0,15
550,22.065,71.105,0,0,15
551,22.065,71.115,0,0,15
552,22.065,71.125,0,0,15
553,22.065,71.135,0,0,15
554,22.065,71.145,1,35557.14286,15
555,22.065,71.155,0,0,15
556,22.065,71.165,0,0,15
557,22.065,71.175,0,0,15
558,22.065,71.185,1,28734.28571,15
559,22.065,71.195,1,28734.28571,15
560,22.065,71.205,1,28734.28571,15
561,22.065,71.215,1,15800,15
562,22.065,71.225,1,28734.28571,15
563,22.065,71.235,0,0,15
564,22.065,71.245,0,0,15
565,22.065,71.255,1,33520,15
566,22.065,71.265,1,33520,15
567,22.065,71.275,0,0,15
568,22.065,71.285,0,0,15
569,22.065,71.295,0,0,15
570,22.065,71.305,0,0,15
571,22.065,71.315,1,51700,15
572,22.055,70.885,0,0,15
573,22.055,70.895,0,0,15
574,22.055,70.905,0,0,15
575,22.055,70.915,0,0,15
576,22.055,70.925,0,0,15
577,22.055,70.935,1,28030,15
578,22.055,70.945,0,0,15
579,22.055,70.955,0,0,15
580,22.055,70.965,1,27260.90909,15
581,22.055,70.975,1,27260.90909,15
582,22.055,70.985,1,27260.90909,15
583,22.055,70.995,1,37095,15
584,22.055,71.005,1,25910,15
585,22.055,71.015,1,25910,15
586,22.055,71.025,0,0,15
587,22.055,71.035,0,0,15
588,22.055,71.045,0,0,15
589,22.055,71.055,1,20670,15
590,22.055,71.065,0,0,15
591,22.055,71.075,0,0,15
592,22.055,71.085,1,20670,15
593,22.055,71.095,0,0,15
594,22.055,71.105,0,0,15
595,22.055,71.115,0,0,15
596,22.055,71.125,0,0,15
597,22.055,71.135,0,0,15
598,22.055,71.145,1,35557.14286,15
599,22.055,71.155,1,35557.14286,15
600,22.055,71.165,1,35557.14286,15
601,22.055,71.175,1,28734.28571,15
602,22.055,71.185,0,0,15
603,22.055,71.195,0,0,15
604,22.055,71.205,0,0,15
605,22.055,71.215,0,0,15
606,22.055,71.225,1,28734.28571,15
607,22.055,71.235,0,0,15
608,22.055,71.245,1,22086.66667,15
609,22.055,71.255,1,22086.66667,15
610,22.055,71.265,0,0,15
611,22.055,71.275,1,23503.33333,15
612,22.055,71.285,1,23503.33333,15
613,22.055,71.295,0,0,15
614,22.055,71.305,1,51700,15
615,22.055,71.315,1,51700,15
616,22.045,70.885,0,0,15
617,22.045,70.895,0,0,15
618,22.045,70.905,0,0,15
619,22.045,70.915,0,0,15
620,22.045,70.925,0,0,15
621,22.045,70.935,0,0,15
622,22.045,70.945,1,37448.75,15
623,22.045,70.955,0,0,15
624,22.045,70.965,1,27260.90909,15
625,22.045,70.975,1,27260.90909,15
626,22.045,70.985,1,27260.90909,15
627,22.045,70.995,1,27260.90909,15
628,22.045,71.005,0,0,15
629,22.045,71.015,0,0,15
630,22.045,71.025,0,0,15
631,22.045,71.035,0,0,15
632,22.045,71.045,0,0,15
633,22.045,71.055,0,0,15
634,22.045,71.065,0,0,15
635,22.045,71.075,0,0,15
636,22.045,71.085,0,0,15
637,22.045,71.095,0,0,15
638,22.045,71.105,0,0,15
639,22.045,71.115,0,0,15
640,22.045,71.125,0,0,15
641,22.045,71.135,0,0,15
642,22.045,71.145,1,35557.14286,15
643,22.045,71.155,1,35557.14286,15
644,22.045,71.165,1,35557.14286,15
645,22.045,71.175,1,28734.28571,15
646,22.045,71.185,1,28734.28571,15
647,22.045,71.195,1,28734.28571,15
648,22.045,71.205,1,28734.28571,15
649,22.045,71.215,1,28734.28571,15
650,22.045,71.225,0,0,15
651,22.045,71.235,0,0,15
652,22.045,71.245,1,22086.66667,15
653,22.045,71.255,0,0,15
654,22.045,71.265,0,0,15
655,22.045,71.275,1,23503.33333,15
656,22.045,71.285,1,23503.33333,15
657,22.045,71.295,1,23503.33333,15
658,22.045,71.305,1,51700,15
659,22.045,71.315,1,51700,15
660,22.035,70.885,0,0,15
661,22.035,70.895,0,0,15
662,22.035,70.905,0,0,15
663,22.035,70.915,0,0,15
664,22.035,70.925,1,37448.75,15
665,22.035,70.935,0,0,15
666,22.035,70.945,0,0,15
667,22.035,70.955,1,37448.75,15
668,22.035,70.965,0,0,15
669,22.035,70.975,1,8490,15
670,22.035,70.985,0,0,15
671,22.035,70.995,0,0,15
672,22.035,71.005,0,0,15
673,22.035,71.015,0,0,15
674,22.035,71.025,0,0,15
675,22.035,71.035,0,0,15
676,22.035,71.045,0,0,15
677,22.035,71.055,0,0,15
678,22.035,71.065,1,20670,15
679,22.035,71.075,1,20670,15
680,22.035,71.085,0,0,15
681,22.035,71.095,0,0,15
682,22.035,71.105,0,0,15
683,22.035,71.115,0,0,15
684,22.035,71.125,0,0,15
685,22.035,71.135,0,0,15
686,22.035,71.145,1,60030,15
687,22.035,71.155,0,0,15
688,22.035,71.165,0,0,15
689,22.035,71.175,1,28734.28571,15
690,22.035,71.185,0,0,15
691,22.035,71.195,0,0,15
692,22.035,71.205,0,0,15
693,22.035,71.215,0,0,15
694,22.035,71.225,0,0,15
695,22.035,71.235,0,0,15
696,22.035,71.245,0,0,15
697,22.035,71.255,0,0,15
698,22.035,71.265,0,0,15
699,22.035,71.275,0,0,15
700,22.035,71.285,1,23503.33333,15
701,22.035,71.295,0,0,15
702,22.035,71.305,0,0,15
703,22.035,71.315,0,0,15
704,22.025,70.885,0,0,15
705,22.025,70.895,0,0,15
706,22.025,70.905,1,20950,15
707,22.025,70.915,1,17961.42857,15
708,22.025,70.925,0,0,15
709,22.025,70.935,1,37448.75,15
710,22.025,70.945,1,37448.75,15
711,22.025,70.955,1,37448.75,15
712,22.025,70.965,1,11113.75,15
713,22.025,70.975,1,11113.75,15
714,22.025,70.985,1,11113.75,15
715,22.025,70.995,0,0,15
716,22.025,71.005,0,0,15
717,22.025,71.015,0,0,15
718,22.025,71.025,0,0,15
719,22.025,71.035,0,0,15
720,22.025,71.045,0,0,15
721,22.025,71.055,0,0,15
722,22.025,71.065,0,0,15
723,22.025,71.075,0,0,15
724,22.025,71.085,0,0,15
725,22.025,71.095,0,0,15
726,22.025,71.105,0,0,15
727,22.025,71.115,0,0,15
728,22.025,71.125,0,0,15
729,22.025,71.135,1,13126.42857,15
730,22.025,71.145,1,13126.42857,15
731,22.025,71.155,1,13126.42857,15
732,22.025,71.165,0,0,15
733,22.025,71.175,1,28734.28571,15
734,22.025,71.185,1,28734.28571,15
735,22.025,71.195,0,0,15
736,22.025,71.205,1,28734.28571,15
737,22.025,71.215,1,28734.28571,15
738,22.025,71.225,1,28734.28571,15
739,22.025,71.235,1,28734.28571,15
740,22.025,71.245,0,0,15
741,22.025,71.255,0,0,15
742,22.025,71.265,0,0,15
743,22.025,71.275,0,0,15
744,22.025,71.285,0,0,15
745,22.025,71.295,0,0,15
746,22.025,71.305,0,0,15
747,22.025,71.315,0,0,15
748,22.015,70.885,0,0,15
749,22.015,70.895,0,0,15
750,22.015,70.905,1,17961.42857,15
751,22.015,70.915,1,17961.42857,15
752,22.015,70.925,0,0,15
753,22.015,70.935,1,17961.42857,15
754,22.015,70.945,0,0,15
755,22.015,70.955,1,37448.75,15
756,22.015,70.965,1,11113.75,15
757,22.015,70.975,1,11113.75,15
758,22.015,70.985,1,11113.75,15
759,22.015,70.995,0,0,15
760,22.015,71.005,0,0,15
761,22.015,71.015,0,0,15
762,22.015,71.025,0,0,15
763,22.015,71.035,0,0,15
764,22.015,71.045,0,0,15
765,22.015,71.055,0,0,15
766,22.015,71.065,0,0,15
767,22.015,71.075,0,0,15
768,22.015,71.085,1,27230,15
769,22.015,71.095,1,27230,15
770,22.015,71.105,1,27230,15
771,22.015,71.115,1,27230,15
772,22.015,71.125,0,0,15
773,22.015,71.135,1,13126.42857,15
774,22.015,71.145,1,13126.42857,15
775,22.015,71.155,0,0,15
776,22.015,71.165,0,0,15
777,22.015,71.175,0,0,15
778,22.015,71.185,0,0,15
779,22.015,71.195,0,0,15
780,22.015,71.205,0,0,15
781,22.015,71.215,1,28734.28571,15
782,22.015,71.225,1,28734.28571,15
783,22.015,71.235,1,28734.28571,15
784,22.015,71.245,0,0,15
785,22.015,71.255,0,0,15
786,22.015,71.265,0,0,15
787,22.015,71.275,0,0,15
788,22.015,71.285,0,0,15
789,22.015,71.295,0,0,15
790,22.015,71.305,0,0,15
791,22.015,71.315,0,0,15
792,22.005,70.885,0,0,15
793,22.005,70.895,0,0,15
794,22.005,70.905,1,17961.42857,15
795,22.005,70.915,1,17961.42857,15
796,22.005,70.925,0,0,15
797,22.005,70.935,1,17961.42857,15
798,22.005,70.945,0,0,15
799,22.005,70.955,0,0,15
800,22.005,70.965,0,0,15
801,22.005,70.975,1,11113.75,15
802,22.005,70.985,1,11113.75,15
803,22.005,70.995,0,0,15
804,22.005,71.005,0,0,15
805,22.005,71.015,0,0,15
806,22.005,71.025,0,0,15
807,22.005,71.035,0,0,15
808,22.005,71.045,0,0,15
809,22.005,71.055,0,0,15
810,22.005,71.065,0,0,15
811,22.005,71.075,0,0,15
812,22.005,71.085,0,0,15
813,22.005,71.095,1,27230,15
814,22.005,71.105,1,27230,15
815,22.005,71.115,1,13126.42857,15
816,22.005,71.125,1,13126.42857,15
817,22.005,71.135,1,13126.42857,15
818,22.005,71.145,0,0,15
819,22.005,71.155,1,13126.42857,15
820,22.005,71.165,1,13126.42857,15
821,22.005,71.175,1,13126.42857,15
822,22.005,71.185,0,0,15
823,22.005,71.195,1,90710,15
824,22.005,71.205,1,90710,15
825,22.005,71.215,0,0,15
826,22.005,71.225,0,0,15
827,22.005,71.235,0,0,15
828,22.005,71.245,0,0,15
829,22.005,71.255,0,0,15
830,22.005,71.265,0,0,15
831,22.005,71.275,0,0,15
832,22.005,71.285,0,0,15
833,22.005,71.295,0,0,15
834,22.005,71.305,0,0,15
835,22.005,71.315,0,0,15
836,21.995,70.885,0,0,15
837,21.995,70.895,0,0,15
838,21.995,70.905,0,0,15
839,21.995,70.915,0,0,15
840,21.995,70.925,0,0,15
841,21.995,70.935,1,37448.75,15
842,21.995,70.945,0,0,15
843,21.995,70.955,1,51960,15
844,21.995,70.965,1,51960,15
845,21.995,70.975,0,0,15
846,21.995,70.985,0,0,15
847,21.995,70.995,0,0,15
848,21.995,71.005,0,0,15
849,21.995,71.015,0,0,15
850,21.995,71.025,0,0,15
851,21.995,71.035,0,0,15
852,21.995,71.045,0,0,15
853,21.995,71.055,0,0,15
854,21.995,71.065,0,0,15
855,21.995,71.075,0,0,15
856,21.995,71.085,0,0,15
857,21.995,71.095,1,27230,15
858,21.995,71.105,1,27230,15
859,21.995,71.115,1,42519.47368,15
860,21.995,71.125,1,42519.47368,15
861,21.995,71.135,0,0,15
862,21.995,71.145,1,13126.42857,15
863,21.995,71.155,1,13126.42857,15
864,21.995,71.165,0,0,15
865,21.995,71.175,1,14818.88889,15
866,21.995,71.185,1,14818.88889,15
867,21.995,71.195,1,14818.88889,15
868,21.995,71.205,1,90710,15
869,21.995,71.215,0,0,15
870,21.995,71.225,0,0,15
871,21.995,71.235,0,0,15
872,21.995,71.245,0,0,15
873,21.995,71.255,0,0,15
874,21.995,71.265,0,0,15
875,21.995,71.275,0,0,15
876,21.995,71.285,0,0,15
877,21.995,71.295,0,0,15
878,21.995,71.305,0,0,15
879,21.995,71.315,0,0,15
880,21.985,70.885,0,0,15
881,21.985,70.895,0,0,15
882,21.985,70.905,0,0,15
883,21.985,70.915,0,0,15
884,21.985,70.925,1,19582.30769,15
885,21.985,70.935,0,0,15
886,21.985,70.945,1,19582.30769,15
887,21.985,70.955,1,51960,15
888,21.985,70.965,0,0,15
889,21.985,70.975,0,0,15
890,21.985,70.985,1,6926,15
891,21.985,70.995,0,0,15
892,21.985,71.005,0,0,15
893,21.985,71.015,0,0,15
894,21.985,71.025,0,0,15
895,21.985,71.035,0,0,15
896,21.985,71.045,0,0,15
897,21.985,71.055,0,0,15
898,21.985,71.065,0,0,15
899,21.985,71.075,1,74366.25,15
900,21.985,71.085,1,42519.47368,15
901,21.985,71.095,1,42519.47368,15
902,21.985,71.105,1,42519.47368,15
903,21.985,71.115,1,42519.47368,15
904,21.985,71.125,1,42519.47368,15
905,21.985,71.135,1,42519.47368,15
906,21.985,71.145,1,13126.42857,15
907,21.985,71.155,0,0,15
908,21.985,71.165,1,14818.88889,15
909,21.985,71.175,0,0,15
910,21.985,71.185,1,14818.88889,15
911,21.985,71.195,0,0,15
912,21.985,71.205,0,0,15
913,21.985,71.215,1,3000,15
914,21.985,71.225,0,0,15
915,21.985,71.235,0,0,15
916,21.985,71.245,0,0,15
917,21.985,71.255,0,0,15
918,21.985,71.265,0,0,15
919,21.985,71.275,0,0,15
920,21.985,71.285,0,0,15
921,21.985,71.295,0,0,15
922,21.985,71.305,0,0,15
923,21.985,71.315,0,0,15
924,21.975,70.885,1,51700,15
925,21.975,70.895,0,0,15
926,21.975,70.905,1,19582.30769,15
927,21.975,70.915,1,19582.30769,15
928,21.975,70.925,1,19582.30769,15
929,21.975,70.935,0,0,15
930,21.975,70.945,0,0,15
931,21.975,70.955,1,51960,15
932,21.975,70.965,0,0,15
933,21.975,70.975,0,0,15
934,21.975,70.985,1,6926,15
935,21.975,70.995,1,6926,15
936,21.975,71.005,1,6926,15
937,21.975,71.015,0,0,15
938,21.975,71.025,0,0,15
939,21.975,71.035,0,0,15
940,21.975,71.045,1,34016.25,15
941,21.975,71.055,0,0,15
942,21.975,71.065,0,0,15
943,21.975,71.075,1,74366.25,15
944,21.975,71.085,1,74366.25,15
945,21.975,71.095,1,42519.47368,15
946,21.975,71.105,1,42519.47368,15
947,21.975,71.115,1,42519.47368,15
948,21.975,71.125,1,42519.47368,15
949,21.975,71.135,1,42519.47368,15
950,21.975,71.145,1,42519.47368,15
951,21.975,71.155,0,0,15
952,21.975,71.165,0,0,15
953,21.975,71.175,0,0,15
954,21.975,71.185,1,14818.88889,15
955,21.975,71.195,0,0,15
956,21.975,71.205,1,888,15
957,21.975,71.215,0,0,15
958,21.975,71.225,0,0,15
959,21.975,71.235,0,0,15
960,21.975,71.245,0,0,15
961,21.975,71.255,0,0,15
962,21.975,71.265,0,0,15
963,21.975,71.275,0,0,15
964,21.975,71.285,0,0,15
965,21.975,71.295,0,0,15
966,21.975,71.305,0,0,15
967,21.975,71.315,0,0,15
968,21.965,70.885,1,51700,15
969,21.965,70.895,1,51700,15
970,21.965,70.905,0,0,15
971,21.965,70.915,1,19582.30769,15
972,21.965,70.925,1,19582.30769,15
973,21.965,70.935,1,19582.30769,15
974,21.965,70.945,0,0,15
975,21.965,70.955,0,0,15
976,21.965,70.965,0,0,15
977,21.965,70.975,0,0,15
978,21.965,70.985,0,0,15
979,21.965,70.995,1,6926,15
980,21.965,71.005,0,0,15
981,21.965,71.015,0,0,15
982,21.965,71.025,0,0,15
983,21.965,71.035,0,0,15
984,21.965,71.045,0,0,15
985,21.965,71.055,1,34016.25,15
986,21.965,71.065,1,74366.25,15
987,21.965,71.075,1,74366.25,15
988,21.965,71.085,1,74366.25,15
989,21.965,71.095,1,74366.25,15
990,21.965,71.105,0,0,15
991,21.965,71.115,1,42519.47368,15
992,21.965,71.125,1,42519.47368,15
993,21.965,71.135,1,42519.47368,15
994,21.965,71.145,1,42519.47368,15
995,21.965,71.155,1,14818.88889,15
996,21.965,71.165,1,14818.88889,15
997,21.965,71.175,1,14818.88889,15
998,21.965,71.185,0,0,15
999,21.965,71.195,1,888,15
1000,21.965,71.205,0,0,15
1001,21.965,71.215,0,0,15
1002,21.965,71.225,0,0,15
1003,21.965,71.235,0,0,15
1004,21.965,71.245,0,0,15
1005,21.965,71.255,0,0,15
1006,21.965,71.265,0,0,15
1007,21.965,71.275,0,0,15
1008,21.965,71.285,0,0,15
1009,21.965,71.295,0,0,15
1010,21.965,71.305,0,0,15
1011,21.965,71.315,0,0,15
1012,21.955,70.885,1,51700,15
1013,21.955,70.895,0,0,15
1014,21.955,70.905,1,19582.30769,15
1015,21.955,70.915,1,19582.30769,15
1016,21.955,70.925,1,19582.30769,15
1017,21.955,70.935,0,0,15
1018,21.955,70.945,0,0,15
1019,21.955,70.955,1,3963.333333,15
1020,21.955,70.965,0,0,15
1021,21.955,70.975,0,0,15
1022,21.955,70.985,1,31810,15
1023,21.955,70.995,0,0,15
1024,21.955,71.005,0,0,15
1025,21.955,71.015,0,0,15
1026,21.955,71.025,0,0,15
1027,21.955,71.035,1,34016.25,15
1028,21.955,71.045,1,34016.25,15
1029,21.955,71.055,1,34016.25,15
1030,21.955,71.065,1,74366.25,15
1031,21.955,71.075,1,74366.25,15
1032,21.955,71.085,1,74366.25,15
1033,21.955,71.095,1,74366.25,15
1034,21.955,71.105,1,74366.25,15
1035,21.955,71.115,0,0,15
1036,21.955,71.125,1,42519.47368,15
1037,21.955,71.135,0,0,15
1038,21.955,71.145,0,0,15
1039,21.955,71.155,0,0,15
1040,21.955,71.165,0,0,15
1041,21.955,71.175,1,888,15
1042,21.955,71.185,0,0,15
1043,21.955,71.195,0,0,15
1044,21.955,71.205,0,0,15
1045,21.955,71.215,0,0,15
1046,21.955,71.225,0,0,15
1047,21.955,71.235,0,0,15
1048,21.955,71.245,0,0,15
1049,21.955,71.255,0,0,15
1050,21.955,71.265,0,0,15
1051,21.955,71.275,0,0,15
1052,21.955,71.285,0,0,15
1053,21.955,71.295,0,0,15
1054,21.955,71.305,0,0,15
1055,21.955,71.315,0,0,15
1056,21.945,70.885,1,51700,15
1057,21.945,70.895,0,0,15
1058,21.945,70.905,1,79335,15
1059,21.945,70.915,0,0,15
1060,21.945,70.925,1,19582.30769,15
1061,21.945,70.935,1,19582.30769,15
1062,21.945,70.945,0,0,15
1063,21.945,70.955,0,0,15
1064,21.945,70.965,1,3963.333333,15
1065,21.945,70.975,0,0,15
1066,21.945,70.985,1,4771.25,15
1067,21.945,70.995,1,31810,15
1068,21.945,71.005,1,4771.25,15
1069,21.945,71.015,1,4771.25,15
1070,21.945,71.025,1,34016.25,15
1071,21.945,71.035,1,34016.25,15
1072,21.945,71.045,1,34016.25,15
1073,21.945,71.055,1,74366.25,15
1074,21.945,71.065,1,74366.25,15
1075,21.945,71.075,1,74366.25,15
1076,21.945,71.085,1,74366.25,15
1077,21.945,71.095,0,0,15
1078,21.945,71.105,0,0,15
1079,21.945,71.115,0,0,15
1080,21.945,71.125,0,0,15
1081,21.945,71.135,0,0,15
1082,21.945,71.145,0,0,15
1083,21.945,71.155,0,0,15
1084,21.945,71.165,1,888,15
1085,21.945,71.175,0,0,15
1086,21.945,71.185,0,0,15
1087,21.945,71.195,0,0,15
1088,21.945,71.205,0,0,15
1089,21.945,71.215,0,0,15
1090,21.945,71.225,1,888,15
1091,21.945,71.235,0,0,15
1092,21.945,71.245,0,0,15
1093,21.945,71.255,0,0,15
1094,21.945,71.265,0,0,15
1095,21.945,71.275,0,0,15
1096,21.945,71.285,0,0,15
1097,21.945,71.295,0,0,15
1098,21.945,71.305,0,0,15
1099,21.945,71.315,0,0,15
1100,21.935,70.885,1,79335,15
1101,21.935,70.895,0,0,15
1102,21.935,70.905,1,79335,15
1103,21.935,70.915,0,0,15
1104,21.935,70.925,0,0,15
1105,21.935,70.935,1,20010,15
1106,21.935,70.945,1,3963.333333,15
1107,21.935,70.955,0,0,15
1108,21.935,70.965,0,0,15
1109,21.935,70.975,1,31810,15
1110,21.935,70.985,1,4771.25,15
1111,21.935,70.995,1,4771.25,15
1112,21.935,71.005,1,4771.25,15
1113,21.935,71.015,0,0,15
1114,21.935,71.025,0,0,15
1115,21.935,71.035,0,0,15
1116,21.935,71.045,0,0,15
1117,21.935,71.055,1,42838.57143,15
1118,21.935,71.065,1,42838.57143,15
1119,21.935,71.075,1,42838.57143,15
1120,21.935,71.085,0,0,15
1121,21.935,71.095,0,0,15
1122,21.935,71.105,0,0,15
1123,21.935,71.115,0,0,15
1124,21.935,71.125,1,35610,15
1125,21.935,71.135,0,0,15
1126,21.935,71.145,0,0,15
1127,21.935,71.155,0,0,15
1128,21.935,71.165,0,0,15
1129,21.935,71.175,0,0,15
1130,21.935,71.185,0,0,15
1131,21.935,71.195,0,0,15
1132,21.935,71.205,0,0,15
1133,21.935,71.215,0,0,15
1134,21.935,71.225,0,0,15
1135,21.935,71.235,0,0,15
1136,21.935,71.245,0,0,15
1137,21.935,71.255,0,0,15
1138,21.935,71.265,0,0,15
1139,21.935,71.275,0,0,15
1140,21.935,71.285,0,0,15
1141,21.935,71.295,0,0,15
1142,21.935,71.305,0,0,15
1143,21.935,71.315,0,0,15
1144,21.925,70.885,1,16545,15
1145,21.925,70.895,0,0,15
1146,21.925,70.905,0,0,15
1147,21.925,70.915,0,0,15
1148,21.925,70.925,1,20010,15
1149,21.925,70.935,1,20010,15
1150,21.925,70.945,1,61755.45455,15
1151,21.925,70.955,1,61755.45455,15
1152,21.925,70.965,1,61755.45455,15
1153,21.925,70.975,0,0,15
1154,21.925,70.985,1,4771.25,15
1155,21.925,70.995,1,4771.25,15
1156,21.925,71.005,0,0,15
1157,21.925,71.015,1,24595,15
1158,21.925,71.025,0,0,15
1159,21.925,71.035,0,0,15
1160,21.925,71.045,1,26758.33333,15
1161,21.925,71.055,1,26758.33333,15
1162,21.925,71.065,1,42838.57143,15
1163,21.925,71.075,1,42838.57143,15
1164,21.925,71.085,0,0,15
1165,21.925,71.095,0,0,15
1166,21.925,71.105,0,0,15
1167,21.925,71.115,1,28010,15
1168,21.925,71.125,0,0,15
1169,21.925,71.135,0,0,15
1170,21.925,71.145,0,0,15
1171,21.925,71.155,0,0,15
1172,21.925,71.165,0,0,15
1173,21.925,71.175,1,15290,15
1174,21.925,71.185,0,0,15
1175,21.925,71.195,0,0,15
1176,21.925,71.205,0,0,15
1177,21.925,71.215,1,285,15
1178,21.925,71.225,0,0,15
1179,21.925,71.235,0,0,15
1180,21.925,71.245,0,0,15
1181,21.925,71.255,0,0,15
1182,21.925,71.265,0,0,15
1183,21.925,71.275,0,0,15
1184,21.925,71.285,0,0,15
1185,21.925,71.295,0,0,15
1186,21.925,71.305,0,0,15
1187,21.925,71.315,0,0,15
1188,21.915,70.885,1,16545,15
1189,21.915,70.895,1,79335,15
1190,21.915,70.905,0,0,15
1191,21.915,70.915,0,0,15
1192,21.915,70.925,1,61755.45455,15
1193,21.915,70.935,1,61755.45455,15
1194,21.915,70.945,1,61755.45455,15
1195,21.915,70.955,1,61755.45455,15
1196,21.915,70.965,1,61755.45455,15
1197,21.915,70.975,0,0,15
1198,21.915,70.985,0,0,15
1199,21.915,70.995,0,0,15
1200,21.915,71.005,1,24595,15
1201,21.915,71.015,0,0,15
1202,21.915,71.025,1,24595,15
1203,21.915,71.035,1,26758.33333,15
1204,21.915,71.045,0,0,15
1205,21.915,71.055,1,26758.33333,15
1206,21.915,71.065,1,42838.57143,15
1207,21.915,71.075,1,42838.57143,15
1208,21.915,71.085,0,0,15
1209,21.915,71.095,0,0,15
1210,21.915,71.105,0,0,15
1211,21.915,71.115,0,0,15
1212,21.915,71.125,0,0,15
1213,21.915,71.135,0,0,15
1214,21.915,71.145,0,0,15
1215,21.915,71.155,0,0,15
1216,21.915,71.165,1,15290,15
1217,21.915,71.175,1,15290,15
1218,21.915,71.185,0,0,15
1219,21.915,71.195,0,0,15
1220,21.915,71.205,0,0,15
1221,21.915,71.215,0,0,15
1222,21.915,71.225,0,0,15
1223,21.915,71.235,0,0,15
1224,21.915,71.245,0,0,15
1225,21.915,71.255,0,0,15
1226,21.915,71.265,0,0,15
1227,21.915,71.275,0,0,15
1228,21.915,71.285,0,0,15
1229,21.915,71.295,0,0,15
1230,21.915,71.305,0,0,15
1231,21.915,71.315,0,0,15
1232,21.905,70.885,1,16545,15
1233,21.905,70.895,1,16545,15
1234,21.905,70.905,0,0,15
1235,21.905,70.915,0,0,15
1236,21.905,70.925,0,0,15
1237,21.905,70.935,1,61755.45455,15
1238,21.905,70.945,1,61755.45455,15
1239,21.905,70.955,1,61755.45455,15
1240,21.905,70.965,1,34970,15
1241,21.905,70.975,0,0,15
1242,21.905,70.985,0,0,15
1243,21.905,70.995,0,0,15
1244,21.905,71.005,1,24595,15
1245,21.905,71.015,0,0,15
1246,21.905,71.025,1,24595,15
1247,21.905,71.035,1,24595,15
1248,21.905,71.045,1,26758.33333,15
1249,21.905,71.055,1,26758.33333,15
1250,21.905,71.065,1,7630,15
1251,21.905,71.075,1,7630,15
1252,21.905,71.085,1,8873.333333,15
1253,21.905,71.095,1,8873.333333,15
1254,21.905,71.105,0,0,15
1255,21.905,71.115,0,0,15
1256,21.905,71.125,0,0,15
1257,21.905,71.135,0,0,15
1258,21.905,71.145,0,0,15
1259,21.905,71.155,0,0,15
1260,21.905,71.165,0,0,15
1261,21.905,71.175,0,0,15
1262,21.905,71.185,0,0,15
1263,21.905,71.195,0,0,15
1264,21.905,71.205,1,285,15
1265,21.905,71.215,0,0,15
1266,21.905,71.225,0,0,15
1267,21.905,71.235,0,0,15
1268,21.905,71.245,0,0,15
1269,21.905,71.255,0,0,15
1270,21.905,71.265,0,0,15
1271,21.905,71.275,0,0,15
1272,21.905,71.285,0,0,15
1273,21.905,71.295,0,0,15
1274,21.905,71.305,0,0,15
1275,21.905,71.315,0,0,15
1276,21.895,70.885,1,16545,15
1277,21.895,70.895,1,16545,15
1278,21.895,70.905,0,0,15
1279,21.895,70.915,0,0,15
1280,21.895,70.925,0,0,15
1281,21.895,70.935,0,0,15
1282,21.895,70.945,0,0,15
1283,21.895,70.955,1,28320,15
1284,21.895,70.965,0,0,15
1285,21.895,70.975,0,0,15
1286,21.895,70.985,0,0,15
1287,21.895,70.995,1,34970,15
1288,21.895,71.005,0,0,15
1289,21.895,71.015,1,24595,15
1290,21.895,71.025,0,0,15
1291,21.895,71.035,1,24595,15
1292,21.895,71.045,0,0,15
1293,21.895,71.055,0,0,15
1294,21.895,71.065,1,7630,15
1295,21.895,71.075,1,8873.333333,15
1296,21.895,71.085,1,8873.333333,15
1297,21.895,71.095,0,0,15
1298,21.895,71.105,0,0,15
1299,21.895,71.115,0,0,15
1300,21.895,71.125,0,0,15
1301,21.895,71.135,0,0,15
1302,21.895,71.145,0,0,15
1303,21.895,71.155,0,0,15
1304,21.895,71.165,0,0,15
1305,21.895,71.175,0,0,15
1306,21.895,71.185,0,0,15
1307,21.895,71.195,0,0,15
1308,21.895,71.205,0,0,15
1309,21.895,71.215,0,0,15
1310,21.895,71.225,1,850,15
1311,21.895,71.235,1,850,15
1312,21.895,71.245,0,0,15
1313,21.895,71.255,0,0,15
1314,21.895,71.265,0,0,15
1315,21.895,71.275,0,0,15
1316,21.895,71.285,0,0,15
1317,21.895,71.295,0,0,15
1318,21.895,71.305,0,0,15
1319,21.895,71.315,0,0,15
1320,21.885,70.885,1,16545,15
1321,21.885,70.895,1,16545,15
1322,21.885,70.905,0,0,15
1323,21.885,70.915,0,0,15
1324,21.885,70.925,0,0,15
1325,21.885,70.935,0,0,15
1326,21.885,70.945,0,0,15
1327,21.885,70.955,0,0,15
1328,21.885,70.965,0,0,15
1329,21.885,70.975,0,0,15
1330,21.885,70.985,0,0,15
1331,21.885,70.995,0,0,15
1332,21.885,71.005,0,0,15
1333,21.885,71.015,0,0,15
1334,21.885,71.025,1,24595,15
1335,21.885,71.035,0,0,15
1336,21.885,71.045,1,24595,15
1337,21.885,71.055,1,24595,15
1338,21.885,71.065,1,8873.333333,15
1339,21.885,71.075,1,8873.333333,15
1340,21.885,71.085,0,0,15
1341,21.885,71.095,0,0,15
1342,21.885,71.105,0,0,15
1343,21.885,71.115,0,0,15
1344,21.885,71.125,0,0,15
1345,21.885,71.135,0,0,15
1346,21.885,71.145,1,12390,15
1347,21.885,71.155,0,0,15
1348,21.885,71.165,0,0,15
1349,21.885,71.175,0,0,15
1350,21.885,71.185,1,19747.5,15
1351,21.885,71.195,0,0,15
1352,21.885,71.205,1,19747.5,15
1353,21.885,71.215,0,0,15
1354,21.885,71.225,1,850,15
1355,21.885,71.235,0,0,15
1356,21.885,71.245,0,0,15
1357,21.885,71.255,1,850,15
1358,21.885,71.265,0,0,15
1359,21.885,71.275,0,0,15
1360,21.885,71.285,0,0,15
1361,21.885,71.295,0,0,15
1362,21.885,71.305,0,0,15
1363,21.885,71.315,0,0,15
1364,21.875,70.885,1,16545,15
1365,21.875,70.895,0,0,15
1366,21.875,70.905,1,23264,15
1367,21.875,70.915,0,0,15
1368,21.875,70.925,1,23264,15
1369,21.875,70.935,0,0,15
1370,21.875,70.945,0,0,15
1371,21.875,70.955,1,85160,15
1372,21.875,70.965,0,0,15
1373,21.875,70.975,0,0,15
1374,21.875,70.985,0,0,15
1375,21.875,70.995,0,0,15
1376,21.875,71.005,0,0,15
1377,21.875,71.015,1,24595,15
1378,21.875,71.025,1,24595,15
1379,21.875,71.035,0,0,15
1380,21.875,71.045,0,0,15
1381,21.875,71.055,0,0,15
1382,21.875,71.065,0,0,15
1383,21.875,71.075,0,0,15
1384,21.875,71.085,0,0,15
1385,21.875,71.095,0,0,15
1386,21.875,71.105,0,0,15
1387,21.875,71.115,0,0,15
1388,21.875,71.125,1,3172.5,15
1389,21.875,71.135,0,0,15
1390,21.875,71.145,0,0,15
1391,21.875,71.155,1,5977.5,15
1392,21.875,71.165,0,0,15
1393,21.875,71.175,0,0,15
1394,21.875,71.185,0,0,15
1395,21.875,71.195,0,0,15
1396,21.875,71.205,1,19747.5,15
1397,21.875,71.215,1,850,15
1398,21.875,71.225,0,0,15
1399,21.875,71.235,1,850,15
1400,21.875,71.245,0,0,15
1401,21.875,71.255,0,0,15
1402,21.875,71.265,0,0,15
1403,21.875,71.275,0,0,15
1404,21.875,71.285,0,0,15
1405,21.875,71.295,0,0,15
1406,21.875,71.305,0,0,15
1407,21.875,71.315,0,0,15
1408,21.865,70.885,1,16545,15
1409,21.865,70.895,1,23264,15
1410,21.865,70.905,1,23264,15
1411,21.865,70.915,0,0,15
1412,21.865,70.925,0,0,15
1413,21.865,70.935,0,0,15
1414,21.865,70.945,0,0,15
1415,21.865,70.955,0,0,15
1416,21.865,70.965,0,0,15
1417,21.865,70.975,0,0,15
1418,21.865,70.985,0,0,15
1419,21.865,70.995,0,0,15
1420,21.865,71.005,0,0,15
1421,21.865,71.015,0,0,15
1422,21.865,71.025,1,24595,15
1423,21.865,71.035,0,0,15
1424,21.865,71.045,0,0,15
1425,21.865,71.055,0,0,15
1426,21.865,71.065,0,0,15
1427,21.865,71.075,0,0,15
1428,21.865,71.085,0,0,15
1429,21.865,71.095,0,0,15
1430,21.865,71.105,0,0,15
1431,21.865,71.115,1,3172.5,15
1432,21.865,71.125,0,0,15
1433,21.865,71.135,0,0,15
1434,21.865,71.145,1,5977.5,15
1435,21.865,71.155,1,5977.5,15
1436,21.865,71.165,1,5977.5,15
1437,21.865,71.175,0,0,15
1438,21.865,71.185,0,0,15
1439,21.865,71.195,1,19747.5,15
1440,21.865,71.205,0,0,15
1441,21.865,71.215,0,0,15
1442,21.865,71.225,0,0,15
1443,21.865,71.235,0,0,15
1444,21.865,71.245,0,0,15
1445,21.865,71.255,1,850,15
1446,21.865,71.265,1,850,15
1447,21.865,71.275,0,0,15
1448,21.865,71.285,0,0,15
1449,21.865,71.295,0,0,15
1450,21.865,71.305,0,0,15
1451,21.865,71.315,0,0,15
1452,21.855,70.885,1,61306.66667,15
1453,21.855,70.895,1,23264,15
1454,21.855,70.905,0,0,15
1455,21.855,70.915,0,0,15
1456,21.855,70.925,0,0,15
1457,21.855,70.935,1,4730,15
1458,21.855,70.945,0,0,15
1459,21.855,70.955,1,85160,15
1460,21.855,70.965,0,0,15
1461,21.855,70.975,0,0,15
1462,21.855,70.985,0,0,15
1463,21.855,70.995,1,14157.5,15
1464,21.855,71.005,1,14157.5,15
1465,21.855,71.015,0,0,15
1466,21.855,71.025,0,0,15
1467,21.855,71.035,0,0,15
1468,21.855,71.045,0,0,15
1469,21.855,71.055,0,0,15
1470,21.855,71.065,0,0,15
1471,21.855,71.075,0,0,15
1472,21.855,71.085,0,0,15
1473,21.855,71.095,0,0,15
1474,21.855,71.105,0,0,15
1475,21.855,71.115,0,0,15
1476,21.855,71.125,0,0,15
1477,21.855,71.135,1,3172.5,15
1478,21.855,71.145,0,0,15
1479,21.855,71.155,0,0,15
1480,21.855,71.165,1,5977.5,15
1481,21.855,71.175,1,5977.5,15
1482,21.855,71.185,0,0,15
1483,21.855,71.195,0,0,15
1484,21.855,71.205,0,0,15
1485,21.855,71.215,0,0,15
1486,21.855,71.225,0,0,15
1487,21.855,71.235,0,0,15
1488,21.855,71.245,0,0,15
1489,21.855,71.255,0,0,15
1490,21.855,71.265,0,0,15
1491,21.855,71.275,0,0,15
1492,21.855,71.285,0,0,15
1493,21.855,71.295,0,0,15
1494,21.855,71.305,0,0,15
1495,21.855,71.315,0,0,15
1496,21.845,70.885,1,61306.66667,15
1497,21.845,70.895,1,61306.66667,15
1498,21.845,70.905,0,0,15
1499,21.845,70.915,0,0,15
1500,21.845,70.925,0,0,15
1501,21.845,70.935,1,4730,15
1502,21.845,70.945,0,0,15
1503,21.845,70.955,0,0,15
1504,21.845,70.965,0,0,15
1505,21.845,70.975,0,0,15
1506,21.845,70.985,0,0,15
1507,21.845,70.995,1,14157.5,15
1508,21.845,71.005,0,0,15
1509,21.845,71.015,0,0,15
1510,21.845,71.025,0,0,15
1511,21.845,71.035,0,0,15
1512,21.845,71.045,0,0,15
1513,21.845,71.055,0,0,15
1514,21.845,71.065,0,0,15
1515,21.845,71.075,0,0,15
1516,21.845,71.085,0,0,15
1517,21.845,71.095,0,0,15
1518,21.845,71.105,0,0,15
1519,21.845,71.115,0,0,15
1520,21.845,71.125,1,3172.5,15
1521,21.845,71.135,1,5977.5,15
1522,21.845,71.145,0,0,15
1523,21.845,71.155,0,0,15
1524,21.845,71.165,0,0,15
1525,21.845,71.175,0,0,15
1526,21.845,71.185,0,0,15
1527,21.845,71.195,0,0,15
1528,21.845,71.205,0,0,15
1529,21.845,71.215,0,0,15
1530,21.845,71.225,0,0,15
1531,21.845,71.235,0,0,15
1532,21.845,71.245,0,0,15
1533,21.845,71.255,0,0,15
1534,21.845,71.265,0,0,15
1535,21.845,71.275,0,0,15
1536,21.845,71.285,0,0,15
1537,21.845,71.295,0,0,15
1538,21.845,71.305,0,0,15
1539,21.845,71.315,0,0,15
1540,21.835,70.885,1,3540,15
1541,21.835,70.895,1,3540,15
1542,21.835,70.905,0,0,15
1543,21.835,70.915,0,0,15
1544,21.835,70.925,1,4730,15
1545,21.835,70.935,0,0,15
1546,21.835,70.945,1,353960,15
1547,21.835,70.955,0,0,15
1548,21.835,70.965,0,0,15
1549,21.835,70.975,0,0,15
1550,21.835,70.985,0,0,15
1551,21.835,70.995,0,0,15
1552,21.835,71.005,1,14157.5,15
1553,21.835,71.015,0,0,15
1554,21.835,71.025,0,0,15
1555,21.835,71.035,0,0,15
1556,21.835,71.045,0,0,15
1557,21.835,71.055,0,0,15
1558,21.835,71.065,0,0,15
1559,21.835,71.075,0,0,15
1560,21.835,71.085,0,0,15
1561,21.835,71.095,0,0,15
1562,21.835,71.105,0,0,15
1563,21.835,71.115,0,0,15
1564,21.835,71.125,0,0,15
1565,21.835,71.135,0,0,15
1566,21.835,71.145,0,0,15
1567,21.835,71.155,0,0,15
1568,21.835,71.165,1,5977.5,15
1569,21.835,71.175,0,0,15
1570,21.835,71.185,0,0,15
1571,21.835,71.195,0,0,15
1572,21.835,71.205,0,0,15
1573,21.835,71.215,0,0,15
1574,21.835,71.225,0,0,15
1575,21.835,71.235,0,0,15
1576,21.835,71.245,0,0,15
1577,21.835,71.255,0,0,15
1578,21.835,71.265,0,0,15
1579,21.835,71.275,0,0,15
1580,21.835,71.285,0,0,15
1581,21.835,71.295,0,0,15
1582,21.835,71.305,0,0,15
1583,21.835,71.315,0,0,15
