grid_id,lat,lon,data_g,num_farmers,include,area
0,22.185,70.885,,0,0,15.7
1,22.185,70.895,,0,0,15.7
2,22.185,70.905,,0,0,15.7
3,22.185,70.915,,0,0,15.7
4,22.185,70.925,,0,0,15.7
5,22.185,70.935,,0,0,15.7
6,22.185,70.945,,0,0,15.7
7,22.185,70.955,,0,0,15.7
8,22.185,70.965,,0,0,15.7
9,22.185,70.975,,0,1,15.7
10,22.185,70.985,,1,1,1.45
11,22.185,70.995,,1,1,1.45
12,22.185,71.005,,0,1,15.7
13,22.185,71.015,,0,1,15.7
14,22.185,71.025,,0,1,15.7
15,22.185,71.035,,0,1,15.7
16,22.185,71.045,,0,1,15.7
17,22.185,71.055,,0,1,15.7
18,22.185,71.065,,0,1,15.7
19,22.185,71.075,,0,1,15.7
20,22.185,71.085,,0,1,15.7
21,22.185,71.095,,0,1,15.7
22,22.185,71.105,,0,1,15.7
23,22.185,71.115,,0,1,15.7
24,22.185,71.125,,0,1,15.7
25,22.185,71.135,,0,1,15.7
26,22.185,71.145,,1,1,1.45
27,22.185,71.155,,1,1,1.45
28,22.185,71.165,,10,1,20.94
29,22.185,71.175,,24,1,46.12
30,22.185,71.185,,24,1,46.12
31,22.185,71.195,,24,1,46.12
32,22.185,71.205,,25,1,48.82
33,22.185,71.215,,20,1,39.85
34,22.185,71.225,,3,1,4.82
35,22.185,71.235,,0,1,15.7
36,22.185,71.245,,0,1,15.7
37,22.185,71.255,,0,1,15.7
38,22.185,71.265,,0,1,15.7
39,22.185,71.275,,0,0,15.7
40,22.185,71.285,,0,0,15.7
41,22.185,71.295,,0,0,15.7
42,22.185,71.305,,0,0,15.7
43,22.185,71.315,,0,0,15.7
44,22.175,70.885,,0,0,15.7
45,22.175,70.895,,0,0,15.7
46,22.175,70.905,,0,0,15.7
47,22.175,70.915,,0,0,15.7
48,22.175,70.925,,0,0,15.7
49,22.175,70.935,,0,0,15.7
50,22.175,70.945,,0,1,15.7
51,22.175,70.955,,0,1,15.7
52,22.175,70.965,,0,1,15.7
53,22.175,70.975,,1,1,1.45
54,22.175,70.985,,3,1,4.82
55,22.175,70.995,,7,1,11.09
56,22.175,71.005,,6,1,10.42
57,22.175,71.015,,4,1,6.27
58,22.175,71.025,,4,1,6.27
59,22.175,71.035,,3,1,4.82
60,22.175,71.045,,1,1,1.45
61,22.175,71.055,,0,1,15.7
62,22.175,71.065,,0,1,15.7
63,22.175,71.075,,0,1,15.7
64,22.175,71.085,,0,1,15.7
65,22.175,71.095,,0,1,15.7
66,22.175,71.105,,0,1,15.7
67,22.175,71.115,,0,1,15.7
68,22.175,71.125,,0,1,15.7
69,22.175,71.135,,0,1,15.7
70,22.175,71.145,,4,1,6.27
71,22.175,71.155,,10,1,20.94
72,22.175,71.165,,27,1,55.97
73,22.175,71.175,,38,1,77.58
74,22.175,71.185,,34,1,67.06
75,22.175,71.195,,30,1,60.79
76,22.175,71.205,,31,1,62.24
77,22.175,71.215,,34,1,67.06
78,22.175,71.225,,10,1,20.94
79,22.175,71.235,,0,1,15.7
80,22.175,71.245,,0,1,15.7
81,22.175,71.255,,0,1,15.7
82,22.175,71.265,,0,0,15.7
83,22.175,71.275,,0,0,15.7
84,22.175,71.285,,0,0,15.7
85,22.175,71.295,,0,0,15.7
86,22.175,71.305,,0,0,15.7
87,22.175,71.315,,0,0,15.7
88,22.165,70.885,,0,0,15.7
89,22.165,70.895,,0,0,15.7
90,22.165,70.905,,0,0,15.7
91,22.165,70.915,,0,0,15.7
92,22.165,70.925,,0,0,15.7
93,22.165,70.935,,0,0,15.7
94,22.165,70.945,,0,1,15.7
95,22.165,70.955,,0,1,15.7
96,22.165,70.965,,0,1,15.7
97,22.165,70.975,,1,1,1.45
98,22.165,70.985,,16,1,29.33
99,22.165,70.995,,34,1,67.06
100,22.165,71.005,,34,1,67.06
101,22.165,71.015,,31,1,62.24
102,22.165,71.025,,28,1,56.64
103,22.165,71.035,,20,1,39.85
104,22.165,71.045,,8,1,16.79
105,22.165,71.055,,1,1,1.45
106,22.165,71.065,,0,1,15.7
107,22.165,71.075,,0,1,15.7
108,22.165,71.085,,0,1,15.7
109,22.165,71.095,,0,1,15.7
110,22.165,71.105,,0,1,15.7
111,22.165,71.115,,0,1,15.7
112,22.165,71.125,,1,1,1.45
113,22.165,71.135,,3,1,4.82
114,22.165,71.145,,18,1,37.73
115,22.165,71.155,,34,1,67.06
116,22.165,71.165,,34,1,67.06
117,22.165,71.175,,38,1,77.58
118,22.165,71.185,,38,1,77.58
119,22.165,71.195,,39,1,79.03
120,22.165,71.205,,42,1,83.85
121,22.165,71.215,,38,1,77.58
122,22.165,71.225,,22,1,44
123,22.165,71.235,,1,1,1.45
124,22.165,71.245,,0,1,15.7
125,22.165,71.255,,0,1,15.7
126,22.165,71.265,,0,0,15.7
127,22.165,71.275,,0,0,15.7
128,22.165,71.285,,0,0,15.7
129,22.165,71.295,,0,1,15.7
130,22.165,71.305,,0,0,15.7
131,22.165,71.315,,0,0,15.7
132,22.155,70.885,,0,0,15.7
133,22.155,70.895,,0,0,15.7
134,22.155,70.905,,0,0,15.7
135,22.155,70.915,,0,0,15.7
136,22.155,70.925,,0,0,15.7
137,22.155,70.935,,0,0,15.7
138,22.155,70.945,,0,0,15.7
139,22.155,70.955,,0,1,15.7
140,22.155,70.965,,4,1,6.27
141,22.155,70.975,,14,1,27.21
142,22.155,70.985,,30,1,60.79
143,22.155,70.995,,42,1,83.85
144,22.155,71.005,,42,1,83.85
145,22.155,71.015,,39,1,79.03
146,22.155,71.025,,39,1,79.03
147,22.155,71.035,,38,1,77.58
148,22.155,71.045,,30,1,60.79
149,22.155,71.055,,9,1,18.24
150,22.155,71.065,,4,1,6.27
151,22.155,71.075,,1,1,1.45
152,22.155,71.085,,1,1,1.45
153,22.155,71.095,,0,1,15.7
154,22.155,71.105,,0,1,15.7
155,22.155,71.115,,1,1,1.45
156,22.155,71.125,,9,1,18.24
157,22.155,71.135,,18,1,37.73
158,22.155,71.145,,30,1,60.79
159,22.155,71.155,,34,1,67.06
160,22.155,71.165,,34,1,67.06
161,22.155,71.175,,39,1,79.03
162,22.155,71.185,,40,1,81.73
163,22.155,71.195,,37,1,76.91
164,22.155,71.205,,37,1,76.91
165,22.155,71.215,,38,1,77.58
166,22.155,71.225,,31,1,62.24
167,22.155,71.235,,4,1,6.27
168,22.155,71.245,,0,1,15.7
169,22.155,71.255,,0,1,15.7
170,22.155,71.265,,0,1,15.7
171,22.155,71.275,,0,1,15.7
172,22.155,71.285,,0,1,15.7
173,22.155,71.295,,0,1,15.7
174,22.155,71.305,,0,1,15.7
175,22.155,71.315,,0,0,15.7
176,22.145,70.885,,0,0,15.7
177,22.145,70.895,,0,0,15.7
178,22.145,70.905,,0,0,15.7
179,22.145,70.915,,0,0,15.7
180,22.145,70.925,,0,0,15.7
181,22.145,70.935,,0,0,15.7
182,22.145,70.945,,0,0,15.7
183,22.145,70.955,,6,1,10.42
184,22.145,70.965,,16,1,29.33
185,22.145,70.975,,34,1,67.06
186,22.145,70.985,,25,1,48.82
187,22.145,70.995,,34,1,67.06
188,22.145,71.005,,39,1,79.03
189,22.145,71.015,,38,1,77.58
190,22.145,71.025,,39,1,79.03
191,22.145,71.035,,37,1,76.91
192,22.145,71.045,,33,1,65.61
193,22.145,71.055,,23,1,45.45
194,22.145,71.065,,19,1,39.18
195,22.145,71.075,,12,1,23.06
196,22.145,71.085,,10,1,20.94
197,22.145,71.095,,4,1,6.27
198,22.145,71.105,,4,1,6.27
199,22.145,71.115,,7,1,11.09
200,22.145,71.125,,20,1,39.85
201,22.145,71.135,,30,1,60.79
202,22.145,71.145,,30,1,60.79
203,22.145,71.155,,34,1,67.06
204,22.145,71.165,,36,1,74.21
205,22.145,71.175,,34,1,67.06
206,22.145,71.185,,38,1,77.58
207,22.145,71.195,,34,1,67.06
208,22.145,71.205,,34,1,67.06
209,22.145,71.215,,38,1,77.58
210,22.145,71.225,,34,1,67.06
211,22.145,71.235,,12,1,23.06
212,22.145,71.245,,0,1,15.7
213,22.145,71.255,,0,1,15.7
214,22.145,71.265,,0,1,15.7
215,22.145,71.275,,0,1,15.7
216,22.145,71.285,,1,1,1.45
217,22.145,71.295,,1,1,1.45
218,22.145,71.305,,1,1,1.45
219,22.145,71.315,,0,0,15.7
220,22.135,70.885,,0,0,15.7
221,22.135,70.895,,0,0,15.7
222,22.135,70.905,,0,0,15.7
223,22.135,70.915,,0,0,15.7
224,22.135,70.925,,0,0,15.7
225,22.135,70.935,,0,0,15.7
226,22.135,70.945,,1,1,1.45
227,22.135,70.955,,18,1,37.73
228,22.135,70.965,,31,1,62.24
229,22.135,70.975,,27,1,55.97
230,22.135,70.985,,24,1,46.12
231,22.135,70.995,,34,1,67.06
232,22.135,71.005,,39,1,79.03
233,22.135,71.015,,39,1,79.03
234,22.135,71.025,,39,1,79.03
235,22.135,71.035,,39,1,79.03
236,22.135,71.045,,27,1,55.97
237,22.135,71.055,,27,1,55.97
238,22.135,71.065,,33,1,65.61
239,22.135,71.075,,25,1,48.82
240,22.135,71.085,,22,1,44
241,22.135,71.095,,19,1,39.18
242,22.135,71.105,,12,1,23.06
243,22.135,71.115,,16,1,29.33
244,22.135,71.125,,20,1,39.85
245,22.135,71.135,,22,1,44
246,22.135,71.145,,34,1,67.06
247,22.135,71.155,,36,1,74.21
248,22.135,71.165,,34,1,67.06
249,22.135,71.175,,30,1,60.79
250,22.135,71.185,,34,1,67.06
251,22.135,71.195,,38,1,77.58
252,22.135,71.205,,40,1,81.73
253,22.135,71.215,,38,1,77.58
254,22.135,71.225,,33,1,65.61
255,22.135,71.235,,16,1,29.33
256,22.135,71.245,,3,1,4.82
257,22.135,71.255,,1,1,1.45
258,22.135,71.265,,1,1,1.45
259,22.135,71.275,,4,1,6.27
260,22.135,71.285,,14,1,27.21
261,22.135,71.295,,19,1,39.18
262,22.135,71.305,,14,1,27.21
263,22.135,71.315,,14,1,27.21
264,22.125,70.885,,0,0,15.7
265,22.125,70.895,,0,0,15.7
266,22.125,70.905,,0,0,15.7
267,22.125,70.915,,0,0,15.7
268,22.125,70.925,,0,0,15.7
269,22.125,70.935,,0,0,15.7
270,22.125,70.945,,4,1,6.27
271,22.125,70.955,,24,1,46.12
272,22.125,70.965,,34,1,67.06
273,22.125,70.975,,30,1,60.79
274,22.125,70.985,,38,1,77.58
275,22.125,70.995,,42,1,83.85
276,22.125,71.005,,42,1,83.85
277,22.125,71.015,,42,1,83.85
278,22.125,71.025,,42,1,83.85
279,22.125,71.035,,42,1,83.85
280,22.125,71.045,,33,1,65.61
281,22.125,71.055,,31,1,62.24
282,22.125,71.065,,33,1,65.61
283,22.125,71.075,,22,1,44
284,22.125,71.085,,23,1,45.45
285,22.125,71.095,,24,1,46.12
286,22.125,71.105,,16,1,29.33
287,22.125,71.115,,19,1,39.18
288,22.125,71.125,,18,1,37.73
289,22.125,71.135,,15,1,27.88
290,22.125,71.145,,31,1,62.24
291,22.125,71.155,,33,1,65.61
292,22.125,71.165,,31,1,62.24
293,22.125,71.175,,31,1,62.24
294,22.125,71.185,,38,1,77.58
295,22.125,71.195,,34,1,67.06
296,22.125,71.205,,39,1,79.03
297,22.125,71.215,,39,1,79.03
298,22.125,71.225,,31,1,62.24
299,22.125,71.235,,16,1,29.33
300,22.125,71.245,,14,1,27.21
301,22.125,71.255,,12,1,23.06
302,22.125,71.265,,20,1,39.85
303,22.125,71.275,,31,1,62.24
304,22.125,71.285,,38,1,77.58
305,22.125,71.295,,41,1,82.4
306,22.125,71.305,,34,1,67.06
307,22.125,71.315,,14,1,27.21
308,22.115,70.885,,0,0,15.7
309,22.115,70.895,,0,0,15.7
310,22.115,70.905,,0,0,15.7
311,22.115,70.915,,0,0,15.7
312,22.115,70.925,,0,0,15.7
313,22.115,70.935,,0,0,15.7
314,22.115,70.945,,3,1,4.82
315,22.115,70.955,,28,1,56.64
316,22.115,70.965,,39,1,79.03
317,22.115,70.975,,38,1,77.58
318,22.115,70.985,,38,1,77.58
319,22.115,70.995,,42,1,83.85
320,22.115,71.005,,39,1,79.03
321,22.115,71.015,,40,1,81.73
322,22.115,71.025,,42,1,83.85
323,22.115,71.035,,40,1,81.73
324,22.115,71.045,,38,1,77.58
325,22.115,71.055,,33,1,65.61
326,22.115,71.065,,22,1,44
327,22.115,71.075,,16,1,29.33
328,22.115,71.085,,19,1,39.18
329,22.115,71.095,,20,1,39.85
330,22.115,71.105,,20,1,39.85
331,22.115,71.115,,22,1,44
332,22.115,71.125,,21,1,41.3
333,22.115,71.135,,24,1,46.12
334,22.115,71.145,,38,1,77.58
335,22.115,71.155,,38,1,77.58
336,22.115,71.165,,38,1,77.58
337,22.115,71.175,,38,1,77.58
338,22.115,71.185,,34,1,67.06
339,22.115,71.195,,28,1,56.64
340,22.115,71.205,,29,1,58.09
341,22.115,71.215,,22,1,44
342,22.115,71.225,,22,1,44
343,22.115,71.235,,14,1,27.21
344,22.115,71.245,,20,1,39.85
345,22.115,71.255,,28,1,56.64
346,22.115,71.265,,34,1,67.06
347,22.115,71.275,,42,1,83.85
348,22.115,71.285,,42,1,83.85
349,22.115,71.295,,44,1,88
350,22.115,71.305,,42,1,83.85
351,22.115,71.315,,20,1,39.85
352,22.105,70.885,,0,0,15.7
353,22.105,70.895,,0,0,15.7
354,22.105,70.905,,0,0,15.7
355,22.105,70.915,,0,0,15.7
356,22.105,70.925,,0,0,15.7
357,22.105,70.935,,0,0,15.7
358,22.105,70.945,,1,1,1.45
359,22.105,70.955,,30,1,60.79
360,22.105,70.965,,42,1,83.85
361,22.105,70.975,,38,1,77.58
362,22.105,70.985,,38,1,77.58
363,22.105,70.995,,43,1,85.3
364,22.105,71.005,,42,1,83.85
365,22.105,71.015,,40,1,81.73
366,22.105,71.025,,40,1,81.73
367,22.105,71.035,,40,1,81.73
368,22.105,71.045,,40,1,81.73
369,22.105,71.055,,34,1,67.06
370,22.105,71.065,,25,1,48.82
371,22.105,71.075,,19,1,39.18
372,22.105,71.085,,21,1,41.3
373,22.105,71.095,,20,1,39.85
374,22.105,71.105,,19,1,39.18
375,22.105,71.115,,22,1,44
376,22.105,71.125,,24,1,46.12
377,22.105,71.135,,34,1,67.06
378,22.105,71.145,,42,1,83.85
379,22.105,71.155,,42,1,83.85
380,22.105,71.165,,38,1,77.58
381,22.105,71.175,,34,1,67.06
382,22.105,71.185,,27,1,55.97
383,22.105,71.195,,18,1,37.73
384,22.105,71.205,,22,1,44
385,22.105,71.215,,22,1,44
386,22.105,71.225,,30,1,60.79
387,22.105,71.235,,15,1,27.88
388,22.105,71.245,,14,1,27.21
389,22.105,71.255,,30,1,60.79
390,22.105,71.265,,33,1,65.61
391,22.105,71.275,,31,1,62.24
392,22.105,71.285,,30,1,60.79
393,22.105,71.295,,41,1,82.4
394,22.105,71.305,,42,1,83.85
395,22.105,71.315,,18,1,37.73
396,22.095,70.885,,0,0,15.7
397,22.095,70.895,,0,0,15.7
398,22.095,70.905,,0,0,15.7
399,22.095,70.915,,0,0,15.7
400,22.095,70.925,,0,0,15.7
401,22.095,70.935,,0,1,15.7
402,22.095,70.945,,1,1,1.45
403,22.095,70.955,,14,1,27.21
404,22.095,70.965,,31,1,62.24
405,22.095,70.975,,38,1,77.58
406,22.095,70.985,,23,1,45.45
407,22.095,70.995,,40,1,81.73
408,22.095,71.005,,38,1,77.58
409,22.095,71.015,,42,1,83.85
410,22.095,71.025,,42,1,83.85
411,22.095,71.035,,42,1,83.85
412,22.095,71.045,,39,1,79.03
413,22.095,71.055,,42,1,83.85
414,22.095,71.065,,34,1,67.06
415,22.095,71.075,,26,1,50.27
416,22.095,71.085,,19,1,39.18
417,22.095,71.095,,17,1,35.03
418,22.095,71.105,,19,1,39.18
419,22.095,71.115,,24,1,46.12
420,22.095,71.125,,30,1,60.79
421,22.095,71.135,,36,1,74.21
422,22.095,71.145,,42,1,83.85
423,22.095,71.155,,42,1,83.85
424,22.095,71.165,,39,1,79.03
425,22.095,71.175,,42,1,83.85
426,22.095,71.185,,39,1,79.03
427,22.095,71.195,,31,1,62.24
428,22.095,71.205,,27,1,55.97
429,22.095,71.215,,22,1,44
430,22.095,71.225,,30,1,60.79
431,22.095,71.235,,16,1,29.33
432,22.095,71.245,,9,1,18.24
433,22.095,71.255,,19,1,39.18
434,22.095,71.265,,27,1,55.97
435,22.095,71.275,,34,1,67.06
436,22.095,71.285,,39,1,79.03
437,22.095,71.295,,42,1,83.85
438,22.095,71.305,,31,1,62.24
439,22.095,71.315,,6,1,10.42
440,22.085,70.885,,0,0,15.7
441,22.085,70.895,,0,0,15.7
442,22.085,70.905,,0,0,15.7
443,22.085,70.915,,0,0,15.7
444,22.085,70.925,,0,0,15.7
445,22.085,70.935,,0,1,15.7
446,22.085,70.945,,12,1,23.06
447,22.085,70.955,,30,1,60.79
448,22.085,70.965,,27,1,55.97
449,22.085,70.975,,39,1,79.03
450,22.085,70.985,,42,1,83.85
451,22.085,70.995,,42,1,83.85
452,22.085,71.005,,42,1,83.85
453,22.085,71.015,,43,1,85.3
454,22.085,71.025,,42,1,83.85
455,22.085,71.035,,42,1,83.85
456,22.085,71.045,,36,1,74.21
457,22.085,71.055,,34,1,67.06
458,22.085,71.065,,40,1,81.73
459,22.085,71.075,,26,1,50.27
460,22.085,71.085,,23,1,45.45
461,22.085,71.095,,18,1,37.73
462,22.085,71.105,,23,1,45.45
463,22.085,71.115,,33,1,65.61
464,22.085,71.125,,31,1,62.24
465,22.085,71.135,,38,1,77.58
466,22.085,71.145,,42,1,83.85
467,22.085,71.155,,42,1,83.85
468,22.085,71.165,,39,1,79.03
469,22.085,71.175,,44,1,88
470,22.085,71.185,,42,1,83.85
471,22.085,71.195,,42,1,83.85
472,22.085,71.205,,39,1,79.03
473,22.085,71.215,,33,1,65.61
474,22.085,71.225,,31,1,62.24
475,22.085,71.235,,22,1,44
476,22.085,71.245,,18,1,37.73
477,22.085,71.255,,22,1,44
478,22.085,71.265,,28,1,56.64
479,22.085,71.275,,22,1,44
480,22.085,71.285,,30,1,60.79
481,22.085,71.295,,36,1,74.21
482,22.085,71.305,,14,1,27.21
483,22.085,71.315,,1,1,1.45
484,22.075,70.885,,0,0,15.7
485,22.075,70.895,,0,0,15.7
486,22.075,70.905,,0,0,15.7
487,22.075,70.915,,0,0,15.7
488,22.075,70.925,,0,0,15.7
489,22.075,70.935,,0,0,15.7
490,22.075,70.945,,4,1,6.27
491,22.075,70.955,,24,1,46.12
492,22.075,70.965,,31,1,62.24
493,22.075,70.975,,34,1,67.06
494,22.075,70.985,,38,1,77.58
495,22.075,70.995,,34,1,67.06
496,22.075,71.005,,42,1,83.85
497,22.075,71.015,,42,1,83.85
498,22.075,71.025,,39,1,79.03
499,22.075,71.035,,42,1,83.85
500,22.075,71.045,,42,1,83.85
501,22.075,71.055,,42,1,83.85
502,22.075,71.065,,42,1,83.85
503,22.075,71.075,,34,1,67.06
504,22.075,71.085,,27,1,55.97
505,22.075,71.095,,23,1,45.45
506,22.075,71.105,,27,1,55.97
507,22.075,71.115,,30,1,60.79
508,22.075,71.125,,34,1,67.06
509,22.075,71.135,,39,1,79.03
510,22.075,71.145,,42,1,83.85
511,22.075,71.155,,42,1,83.85
512,22.075,71.165,,38,1,77.58
513,22.075,71.175,,42,1,83.85
514,22.075,71.185,,40,1,81.73
515,22.075,71.195,,38,1,77.58
516,22.075,71.205,,31,1,62.24
517,22.075,71.215,,27,1,55.97
518,22.075,71.225,,23,1,45.45
519,22.075,71.235,,27,1,55.97
520,22.075,71.245,,27,1,55.97
521,22.075,71.255,,31,1,62.24
522,22.075,71.265,,34,1,67.06
523,22.075,71.275,,27,1,55.97
524,22.075,71.285,,34,1,67.06
525,22.075,71.295,,25,1,48.82
526,22.075,71.305,,4,1,6.27
527,22.075,71.315,,0,1,15.7
528,22.065,70.885,,0,0,15.7
529,22.065,70.895,,0,0,15.7
530,22.065,70.905,,0,0,15.7
531,22.065,70.915,,0,0,15.7
532,22.065,70.925,,0,1,15.7
533,22.065,70.935,,0,1,15.7
534,22.065,70.945,,1,1,1.45
535,22.065,70.955,,21,1,41.3
536,22.065,70.965,,34,1,67.06
537,22.065,70.975,,29,1,58.09
538,22.065,70.985,,40,1,81.73
539,22.065,70.995,,41,1,82.4
540,22.065,71.005,,39,1,79.03
541,22.065,71.015,,43,1,85.3
542,22.065,71.025,,42,1,83.85
543,22.065,71.035,,42,1,83.85
544,22.065,71.045,,39,1,79.03
545,22.065,71.055,,39,1,79.03
546,22.065,71.065,,37,1,76.91
547,22.065,71.075,,39,1,79.03
548,22.065,71.085,,34,1,67.06
549,22.065,71.095,,33,1,65.61
550,22.065,71.105,,31,1,62.24
551,22.065,71.115,,34,1,67.06
552,22.065,71.125,,36,1,74.21
553,22.065,71.135,,41,1,82.4
554,22.065,71.145,,42,1,83.85
555,22.065,71.155,,42,1,83.85
556,22.065,71.165,,42,1,83.85
557,22.065,71.175,,43,1,85.3
558,22.065,71.185,,44,1,88
559,22.065,71.195,,43,1,85.3
560,22.065,71.205,,42,1,83.85
561,22.065,71.215,,42,1,83.85
562,22.065,71.225,,33,1,65.61
563,22.065,71.235,,24,1,46.12
564,22.065,71.245,,34,1,67.06
565,22.065,71.255,,34,1,67.06
566,22.065,71.265,,38,1,77.58
567,22.065,71.275,,39,1,79.03
568,22.065,71.285,,34,1,67.06
569,22.065,71.295,,19,1,39.18
570,22.065,71.305,,4,1,6.27
571,22.065,71.315,,1,1,1.45
572,22.055,70.885,,0,0,15.7
573,22.055,70.895,,0,0,15.7
574,22.055,70.905,,0,0,15.7
575,22.055,70.915,,0,0,15.7
576,22.055,70.925,,0,1,15.7
577,22.055,70.935,,0,1,15.7
578,22.055,70.945,,4,1,6.27
579,22.055,70.955,,30,1,60.79
580,22.055,70.965,,38,1,77.58
581,22.055,70.975,,28,1,56.64
582,22.055,70.985,,39,1,79.03
583,22.055,70.995,,41,1,82.4
584,22.055,71.005,,39,1,79.03
585,22.055,71.015,,42,1,83.85
586,22.055,71.025,,40,1,81.73
587,22.055,71.035,,34,1,67.06
588,22.055,71.045,,30,1,60.79
589,22.055,71.055,,38,1,77.58
590,22.055,71.065,,34,1,67.06
591,22.055,71.075,,38,1,77.58
592,22.055,71.085,,38,1,77.58
593,22.055,71.095,,39,1,79.03
594,22.055,71.105,,37,1,76.91
595,22.055,71.115,,40,1,81.73
596,22.055,71.125,,42,1,83.85
597,22.055,71.135,,42,1,83.85
598,22.055,71.145,,39,1,79.03
599,22.055,71.155,,39,1,79.03
600,22.055,71.165,,42,1,83.85
601,22.055,71.175,,44,1,88
602,22.055,71.185,,45,1,88.67
603,22.055,71.195,,44,1,88
604,22.055,71.205,,38,1,77.58
605,22.055,71.215,,34,1,67.06
606,22.055,71.225,,34,1,67.06
607,22.055,71.235,,36,1,74.21
608,22.055,71.245,,42,1,83.85
609,22.055,71.255,,38,1,77.58
610,22.055,71.265,,38,1,77.58
611,22.055,71.275,,40,1,81.73
612,22.055,71.285,,39,1,79.03
613,22.055,71.295,,29,1,58.09
614,22.055,71.305,,14,1,27.21
615,22.055,71.315,,3,1,4.82
616,22.045,70.885,,0,0,15.7
617,22.045,70.895,,0,1,15.7
618,22.045,70.905,,0,1,15.7
619,22.045,70.915,,0,1,15.7
620,22.045,70.925,,3,0,4.82
621,22.045,70.935,,7,0,11.09
622,22.045,70.945,,16,1,29.33
623,22.045,70.955,,34,1,67.06
624,22.045,70.965,,39,1,79.03
625,22.045,70.975,,38,1,77.58
626,22.045,70.985,,30,1,60.79
627,22.045,70.995,,40,1,81.73
628,22.045,71.005,,42,1,83.85
629,22.045,71.015,,40,1,81.73
630,22.045,71.025,,40,1,81.73
631,22.045,71.035,,37,1,76.91
632,22.045,71.045,,38,1,77.58
633,22.045,71.055,,39,1,79.03
634,22.045,71.065,,34,1,67.06
635,22.045,71.075,,39,1,79.03
636,22.045,71.085,,36,1,74.21
637,22.045,71.095,,42,1,83.85
638,22.045,71.105,,39,1,79.03
639,22.045,71.115,,38,1,77.58
640,22.045,71.125,,42,1,83.85
641,22.045,71.135,,44,1,88
642,22.045,71.145,,40,1,81.73
643,22.045,71.155,,40,1,81.73
644,22.045,71.165,,36,1,74.21
645,22.045,71.175,,44,1,88
646,22.045,71.185,,44,1,88
647,22.045,71.195,,38,1,77.58
648,22.045,71.205,,22,1,44
649,22.045,71.215,,25,1,48.82
650,22.045,71.225,,40,1,81.73
651,22.045,71.235,,38,1,77.58
652,22.045,71.245,,42,1,83.85
653,22.045,71.255,,39,1,79.03
654,22.045,71.265,,38,1,77.58
655,22.045,71.275,,42,1,83.85
656,22.045,71.285,,42,1,83.85
657,22.045,71.295,,30,1,60.79
658,22.045,71.305,,19,1,39.18
659,22.045,71.315,,4,1,6.27
660,22.035,70.885,,0,0,15.7
661,22.035,70.895,,0,1,15.7
662,22.035,70.905,,0,1,15.7
663,22.035,70.915,,4,1,6.27
664,22.035,70.925,,16,1,29.33
665,22.035,70.935,,27,1,55.97
666,22.035,70.945,,33,1,65.61
667,22.035,70.955,,33,1,65.61
668,22.035,70.965,,34,1,67.06
669,22.035,70.975,,38,1,77.58
670,22.035,70.985,,27,1,55.97
671,22.035,70.995,,30,1,60.79
672,22.035,71.005,,40,1,81.73
673,22.035,71.015,,42,1,83.85
674,22.035,71.025,,42,1,83.85
675,22.035,71.035,,42,1,83.85
676,22.035,71.045,,42,1,83.85
677,22.035,71.055,,44,1,88
678,22.035,71.065,,42,1,83.85
679,22.035,71.075,,42,1,83.85
680,22.035,71.085,,42,1,83.85
681,22.035,71.095,,44,1,88
682,22.035,71.105,,39,1,79.03
683,22.035,71.115,,38,1,77.58
684,22.035,71.125,,42,1,83.85
685,22.035,71.135,,43,1,85.3
686,22.035,71.145,,41,1,82.4
687,22.035,71.155,,39,1,79.03
688,22.035,71.165,,37,1,76.91
689,22.035,71.175,,43,1,85.3
690,22.035,71.185,,38,1,77.58
691,22.035,71.195,,25,1,48.82
692,22.035,71.205,,13,1,24.51
693,22.035,71.215,,29,1,58.09
694,22.035,71.225,,42,1,83.85
695,22.035,71.235,,42,1,83.85
696,22.035,71.245,,43,1,85.3
697,22.035,71.255,,40,1,81.73
698,22.035,71.265,,38,1,77.58
699,22.035,71.275,,40,1,81.73
700,22.035,71.285,,31,1,62.24
701,22.035,71.295,,12,1,23.06
702,22.035,71.305,,1,0,1.45
703,22.035,71.315,,0,0,15.7
704,22.025,70.885,,0,0,15.7
705,22.025,70.895,,1,0,1.45
706,22.025,70.905,,4,1,6.27
707,22.025,70.915,,19,1,39.18
708,22.025,70.925,,34,1,67.06
709,22.025,70.935,,40,1,81.73
710,22.025,70.945,,39,1,79.03
711,22.025,70.955,,33,1,65.61
712,22.025,70.965,,28,1,56.64
713,22.025,70.975,,39,1,79.03
714,22.025,70.985,,31,1,62.24
715,22.025,70.995,,30,1,60.79
716,22.025,71.005,,37,1,76.91
717,22.025,71.015,,38,1,77.58
718,22.025,71.025,,42,1,83.85
719,22.025,71.035,,42,1,83.85
720,22.025,71.045,,42,1,83.85
721,22.025,71.055,,42,1,83.85
722,22.025,71.065,,44,1,88
723,22.025,71.075,,42,1,83.85
724,22.025,71.085,,42,1,83.85
725,22.025,71.095,,44,1,88
726,22.025,71.105,,43,1,85.3
727,22.025,71.115,,42,1,83.85
728,22.025,71.125,,42,1,83.85
729,22.025,71.135,,42,1,83.85
730,22.025,71.145,,42,1,83.85
731,22.025,71.155,,42,1,83.85
732,22.025,71.165,,44,1,88
733,22.025,71.175,,42,1,83.85
734,22.025,71.185,,37,1,76.91
735,22.025,71.195,,33,1,65.61
736,22.025,71.205,,31,1,62.24
737,22.025,71.215,,35,1,72.76
738,22.025,71.225,,42,1,83.85
739,22.025,71.235,,42,1,83.85
740,22.025,71.245,,30,1,60.79
741,22.025,71.255,,30,1,60.79
742,22.025,71.265,,34,1,67.06
743,22.025,71.275,,30,1,60.79
744,22.025,71.285,,12,1,23.06
745,22.025,71.295,,2,0,4.15
746,22.025,71.305,,0,0,15.7
747,22.025,71.315,,0,0,15.7
748,22.015,70.885,,0,0,15.7
749,22.015,70.895,,2,0,4.15
750,22.015,70.905,,18,1,37.73
751,22.015,70.915,,34,1,67.06
752,22.015,70.925,,39,1,79.03
753,22.015,70.935,,38,1,77.58
754,22.015,70.945,,39,1,79.03
755,22.015,70.955,,36,1,74.21
756,22.015,70.965,,30,1,60.79
757,22.015,70.975,,42,1,83.85
758,22.015,70.985,,39,1,79.03
759,22.015,70.995,,42,1,83.85
760,22.015,71.005,,36,1,74.21
761,22.015,71.015,,34,1,67.06
762,22.015,71.025,,42,1,83.85
763,22.015,71.035,,40,1,81.73
764,22.015,71.045,,30,1,60.79
765,22.015,71.055,,38,1,77.58
766,22.015,71.065,,43,1,85.3
767,22.015,71.075,,42,1,83.85
768,22.015,71.085,,42,1,83.85
769,22.015,71.095,,42,1,83.85
770,22.015,71.105,,40,1,81.73
771,22.015,71.115,,42,1,83.85
772,22.015,71.125,,40,1,81.73
773,22.015,71.135,,42,1,83.85
774,22.015,71.145,,30,1,60.79
775,22.015,71.155,,34,1,67.06
776,22.015,71.165,,41,1,82.4
777,22.015,71.175,,42,1,83.85
778,22.015,71.185,,41,1,82.4
779,22.015,71.195,,39,1,79.03
780,22.015,71.205,,28,1,56.64
781,22.015,71.215,,22,1,44
782,22.015,71.225,,33,1,65.61
783,22.015,71.235,,34,1,67.06
784,22.015,71.245,,19,1,39.18
785,22.015,71.255,,20,1,39.85
786,22.015,71.265,,18,1,37.73
787,22.015,71.275,,12,1,23.06
788,22.015,71.285,,1,0,1.45
789,22.015,71.295,,0,0,15.7
790,22.015,71.305,,0,0,15.7
791,22.015,71.315,,0,0,15.7
792,22.005,70.885,,0,1,15.7
793,22.005,70.895,,4,1,6.27
794,22.005,70.905,,33,1,65.61
795,22.005,70.915,,39,1,79.03
796,22.005,70.925,,38,1,77.58
797,22.005,70.935,,39,1,79.03
798,22.005,70.945,,40,1,81.73
799,22.005,70.955,,40,1,81.73
800,22.005,70.965,,39,1,79.03
801,22.005,70.975,,44,1,88
802,22.005,70.985,,42,1,83.85
803,22.005,70.995,,40,1,81.73
804,22.005,71.005,,39,1,79.03
805,22.005,71.015,,38,1,77.58
806,22.005,71.025,,42,1,83.85
807,22.005,71.035,,42,1,83.85
808,22.005,71.045,,31,1,62.24
809,22.005,71.055,,34,1,67.06
810,22.005,71.065,,42,1,83.85
811,22.005,71.075,,42,1,83.85
812,22.005,71.085,,42,1,83.85
813,22.005,71.095,,42,1,83.85
814,22.005,71.105,,42,1,83.85
815,22.005,71.115,,44,1,88
816,22.005,71.125,,42,1,83.85
817,22.005,71.135,,42,1,83.85
818,22.005,71.145,,30,1,60.79
819,22.005,71.155,,25,1,48.82
820,22.005,71.165,,38,1,77.58
821,22.005,71.175,,42,1,83.85
822,22.005,71.185,,42,1,83.85
823,22.005,71.195,,39,1,79.03
824,22.005,71.205,,30,1,60.79
825,22.005,71.215,,22,1,44
826,22.005,71.225,,27,1,55.97
827,22.005,71.235,,27,1,55.97
828,22.005,71.245,,31,1,62.24
829,22.005,71.255,,29,1,58.09
830,22.005,71.265,,10,1,20.94
831,22.005,71.275,,1,1,1.45
832,22.005,71.285,,0,0,15.7
833,22.005,71.295,,0,0,15.7
834,22.005,71.305,,0,0,15.7
835,22.005,71.315,,0,0,15.7
836,21.995,70.885,,0,1,15.7
837,21.995,70.895,,6,1,10.42
838,21.995,70.905,,34,1,67.06
839,21.995,70.915,,38,1,77.58
840,21.995,70.925,,42,1,83.85
841,21.995,70.935,,40,1,81.73
842,21.995,70.945,,40,1,81.73
843,21.995,70.955,,39,1,79.03
844,21.995,70.965,,38,1,77.58
845,21.995,70.975,,44,1,88
846,21.995,70.985,,41,1,82.4
847,21.995,70.995,,42,1,83.85
848,21.995,71.005,,42,1,83.85
849,21.995,71.015,,42,1,83.85
850,21.995,71.025,,42,1,83.85
851,21.995,71.035,,42,1,83.85
852,21.995,71.045,,40,1,81.73
853,21.995,71.055,,40,1,81.73
854,21.995,71.065,,42,1,83.85
855,21.995,71.075,,42,1,83.85
856,21.995,71.085,,42,1,83.85
857,21.995,71.095,,42,1,83.85
858,21.995,71.105,,43,1,85.3
859,21.995,71.115,,42,1,83.85
860,21.995,71.125,,39,1,79.03
861,21.995,71.135,,40,1,81.73
862,21.995,71.145,,42,1,83.85
863,21.995,71.155,,40,1,81.73
864,21.995,71.165,,42,1,83.85
865,21.995,71.175,,42,1,83.85
866,21.995,71.185,,42,1,83.85
867,21.995,71.195,,44,1,88
868,21.995,71.205,,40,1,81.73
869,21.995,71.215,,39,1,79.03
870,21.995,71.225,,39,1,79.03
871,21.995,71.235,,34,1,67.06
872,21.995,71.245,,40,1,81.73
873,21.995,71.255,,34,1,67.06
874,21.995,71.265,,8,1,16.79
875,21.995,71.275,,0,1,15.7
876,21.995,71.285,,0,1,15.7
877,21.995,71.295,,0,0,15.7
878,21.995,71.305,,0,0,15.7
879,21.995,71.315,,0,0,15.7
880,21.985,70.885,,0,1,15.7
881,21.985,70.895,,6,1,10.42
882,21.985,70.905,,34,1,67.06
883,21.985,70.915,,38,1,77.58
884,21.985,70.925,,40,1,81.73
885,21.985,70.935,,42,1,83.85
886,21.985,70.945,,42,1,83.85
887,21.985,70.955,,42,1,83.85
888,21.985,70.965,,42,1,83.85
889,21.985,70.975,,46,1,94.37
890,21.985,70.985,,43,1,85.3
891,21.985,70.995,,42,1,83.85
892,21.985,71.005,,39,1,79.03
893,21.985,71.015,,33,1,65.61
894,21.985,71.025,,38,1,77.58
895,21.985,71.035,,42,1,83.85
896,21.985,71.045,,43,1,85.3
897,21.985,71.055,,43,1,85.3
898,21.985,71.065,,42,1,83.85
899,21.985,71.075,,42,1,83.85
900,21.985,71.085,,44,1,88
901,21.985,71.095,,42,1,83.85
902,21.985,71.105,,42,1,83.85
903,21.985,71.115,,31,1,62.24
904,21.985,71.125,,42,1,83.85
905,21.985,71.135,,46,1,94.37
906,21.985,71.145,,44,1,88
907,21.985,71.155,,42,1,83.85
908,21.985,71.165,,42,1,83.85
909,21.985,71.175,,38,1,77.58
910,21.985,71.185,,39,1,79.03
911,21.985,71.195,,42,1,83.85
912,21.985,71.205,,44,1,88
913,21.985,71.215,,44,1,88
914,21.985,71.225,,44,1,88
915,21.985,71.235,,42,1,83.85
916,21.985,71.245,,42,1,83.85
917,21.985,71.255,,30,1,60.79
918,21.985,71.265,,3,1,4.82
919,21.985,71.275,,0,1,15.7
920,21.985,71.285,,0,1,15.7
921,21.985,71.295,,0,0,15.7
922,21.985,71.305,,0,0,15.7
923,21.985,71.315,,0,0,15.7
924,21.975,70.885,,1,1,1.45
925,21.975,70.895,,7,1,11.09
926,21.975,70.905,,38,1,77.58
927,21.975,70.915,,43,1,85.3
928,21.975,70.925,,39,1,79.03
929,21.975,70.935,,39,1,79.03
930,21.975,70.945,,41,1,82.4
931,21.975,70.955,,42,1,83.85
932,21.975,70.965,,42,1,83.85
933,21.975,70.975,,44,1,88
934,21.975,70.985,,40,1,81.73
935,21.975,70.995,,42,1,83.85
936,21.975,71.005,,39,1,79.03
937,21.975,71.015,,34,1,67.06
938,21.975,71.025,,40,1,81.73
939,21.975,71.035,,42,1,83.85
940,21.975,71.045,,42,1,83.85
941,21.975,71.055,,44,1,88
942,21.975,71.065,,44,1,88
943,21.975,71.075,,42,1,83.85
944,21.975,71.085,,38,1,77.58
945,21.975,71.095,,42,1,83.85
946,21.975,71.105,,39,1,79.03
947,21.975,71.115,,39,1,79.03
948,21.975,71.125,,42,1,83.85
949,21.975,71.135,,44,1,88
950,21.975,71.145,,42,1,83.85
951,21.975,71.155,,42,1,83.85
952,21.975,71.165,,44,1,88
953,21.975,71.175,,44,1,88
954,21.975,71.185,,42,1,83.85
955,21.975,71.195,,42,1,83.85
956,21.975,71.205,,42,1,83.85
957,21.975,71.215,,42,1,83.85
958,21.975,71.225,,44,1,88
959,21.975,71.235,,42,1,83.85
960,21.975,71.245,,39,1,79.03
961,21.975,71.255,,9,1,18.24
962,21.975,71.265,,0,1,15.7
963,21.975,71.275,,0,1,15.7
964,21.975,71.285,,0,1,15.7
965,21.975,71.295,,0,1,15.7
966,21.975,71.305,,0,0,15.7
967,21.975,71.315,,0,0,15.7
968,21.965,70.885,,1,1,1.45
969,21.965,70.895,,7,1,11.09
970,21.965,70.905,,34,1,67.06
971,21.965,70.915,,42,1,83.85
972,21.965,70.925,,31,1,62.24
973,21.965,70.935,,34,1,67.06
974,21.965,70.945,,42,1,83.85
975,21.965,70.955,,42,1,83.85
976,21.965,70.965,,42,1,83.85
977,21.965,70.975,,44,1,88
978,21.965,70.985,,37,1,76.91
979,21.965,70.995,,33,1,65.61
980,21.965,71.005,,42,1,83.85
981,21.965,71.015,,39,1,79.03
982,21.965,71.025,,42,1,83.85
983,21.965,71.035,,43,1,85.3
984,21.965,71.045,,42,1,83.85
985,21.965,71.055,,42,1,83.85
986,21.965,71.065,,44,1,88
987,21.965,71.075,,44,1,88
988,21.965,71.085,,39,1,79.03
989,21.965,71.095,,36,1,74.21
990,21.965,71.105,,42,1,83.85
991,21.965,71.115,,44,1,88
992,21.965,71.125,,42,1,83.85
993,21.965,71.135,,40,1,81.73
994,21.965,71.145,,38,1,77.58
995,21.965,71.155,,34,1,67.06
996,21.965,71.165,,33,1,65.61
997,21.965,71.175,,34,1,67.06
998,21.965,71.185,,39,1,79.03
999,21.965,71.195,,42,1,83.85
1000,21.965,71.205,,42,1,83.85
1001,21.965,71.215,,42,1,83.85
1002,21.965,71.225,,42,1,83.85
1003,21.965,71.235,,38,1,77.58
1004,21.965,71.245,,31,1,62.24
1005,21.965,71.255,,1,1,1.45
1006,21.965,71.265,,0,1,15.7
1007,21.965,71.275,,0,1,15.7
1008,21.965,71.285,,0,1,15.7
1009,21.965,71.295,,0,0,15.7
1010,21.965,71.305,,0,0,15.7
1011,21.965,71.315,,0,0,15.7
1012,21.955,70.885,,2,1,4.15
1013,21.955,70.895,,26,1,50.27
1014,21.955,70.905,,40,1,81.73
1015,21.955,70.915,,42,1,83.85
1016,21.955,70.925,,42,1,83.85
1017,21.955,70.935,,42,1,83.85
1018,21.955,70.945,,41,1,82.4
1019,21.955,70.955,,36,1,74.21
1020,21.955,70.965,,42,1,83.85
1021,21.955,70.975,,44,1,88
1022,21.955,70.985,,42,1,83.85
1023,21.955,70.995,,33,1,65.61
1024,21.955,71.005,,38,1,77.58
1025,21.955,71.015,,38,1,77.58
1026,21.955,71.025,,42,1,83.85
1027,21.955,71.035,,44,1,88
1028,21.955,71.045,,43,1,85.3
1029,21.955,71.055,,37,1,76.91
1030,21.955,71.065,,43,1,85.3
1031,21.955,71.075,,40,1,81.73
1032,21.955,71.085,,39,1,79.03
1033,21.955,71.095,,42,1,83.85
1034,21.955,71.105,,43,1,85.3
1035,21.955,71.115,,42,1,83.85
1036,21.955,71.125,,43,1,85.3
1037,21.955,71.135,,39,1,79.03
1038,21.955,71.145,,31,1,62.24
1039,21.955,71.155,,30,1,60.79
1040,21.955,71.165,,22,1,44
1041,21.955,71.175,,18,1,37.73
1042,21.955,71.185,,27,1,55.97
1043,21.955,71.195,,34,1,67.06
1044,21.955,71.205,,24,1,46.12
1045,21.955,71.215,,26,1,50.27
1046,21.955,71.225,,40,1,81.73
1047,21.955,71.235,,42,1,83.85
1048,21.955,71.245,,24,1,46.12
1049,21.955,71.255,,0,1,15.7
1050,21.955,71.265,,0,0,15.7
1051,21.955,71.275,,0,0,15.7
1052,21.955,71.285,,0,0,15.7
1053,21.955,71.295,,0,0,15.7
1054,21.955,71.305,,0,0,15.7
1055,21.955,71.315,,0,0,15.7
1056,21.945,70.885,,14,1,27.21
1057,21.945,70.895,,40,1,81.73
1058,21.945,70.905,,42,1,83.85
1059,21.945,70.915,,39,1,79.03
1060,21.945,70.925,,39,1,79.03
1061,21.945,70.935,,42,1,83.85
1062,21.945,70.945,,42,1,83.85
1063,21.945,70.955,,42,1,83.85
1064,21.945,70.965,,42,1,83.85
1065,21.945,70.975,,42,1,83.85
1066,21.945,70.985,,42,1,83.85
1067,21.945,70.995,,42,1,83.85
1068,21.945,71.005,,38,1,77.58
1069,21.945,71.015,,40,1,81.73
1070,21.945,71.025,,39,1,79.03
1071,21.945,71.035,,42,1,83.85
1072,21.945,71.045,,43,1,85.3
1073,21.945,71.055,,46,1,94.37
1074,21.945,71.065,,44,1,88
1075,21.945,71.075,,42,1,83.85
1076,21.945,71.085,,42,1,83.85
1077,21.945,71.095,,42,1,83.85
1078,21.945,71.105,,38,1,77.58
1079,21.945,71.115,,34,1,67.06
1080,21.945,71.125,,42,1,83.85
1081,21.945,71.135,,44,1,88
1082,21.945,71.145,,44,1,88
1083,21.945,71.155,,39,1,79.03
1084,21.945,71.165,,31,1,62.24
1085,21.945,71.175,,25,1,48.82
1086,21.945,71.185,,23,1,45.45
1087,21.945,71.195,,33,1,65.61
1088,21.945,71.205,,30,1,60.79
1089,21.945,71.215,,24,1,46.12
1090,21.945,71.225,,34,1,67.06
1091,21.945,71.235,,34,1,67.06
1092,21.945,71.245,,9,1,18.24
1093,21.945,71.255,,0,1,15.7
1094,21.945,71.265,,0,0,15.7
1095,21.945,71.275,,0,0,15.7
1096,21.945,71.285,,0,0,15.7
1097,21.945,71.295,,0,0,15.7
1098,21.945,71.305,,0,0,15.7
1099,21.945,71.315,,0,0,15.7
1100,21.935,70.885,,34,1,67.06
1101,21.935,70.895,,42,1,83.85
1102,21.935,70.905,,40,1,81.73
1103,21.935,70.915,,42,1,83.85
1104,21.935,70.925,,42,1,83.85
1105,21.935,70.935,,39,1,79.03
1106,21.935,70.945,,42,1,83.85
1107,21.935,70.955,,42,1,83.85
1108,21.935,70.965,,42,1,83.85
1109,21.935,70.975,,42,1,83.85
1110,21.935,70.985,,43,1,85.3
1111,21.935,70.995,,42,1,83.85
1112,21.935,71.005,,38,1,77.58
1113,21.935,71.015,,38,1,77.58
1114,21.935,71.025,,34,1,67.06
1115,21.935,71.035,,39,1,79.03
1116,21.935,71.045,,42,1,83.85
1117,21.935,71.055,,42,1,83.85
1118,21.935,71.065,,42,1,83.85
1119,21.935,71.075,,42,1,83.85
1120,21.935,71.085,,45,1,88.67
1121,21.935,71.095,,42,1,83.85
1122,21.935,71.105,,40,1,81.73
1123,21.935,71.115,,39,1,79.03
1124,21.935,71.125,,41,1,82.4
1125,21.935,71.135,,39,1,79.03
1126,21.935,71.145,,42,1,83.85
1127,21.935,71.155,,43,1,85.3
1128,21.935,71.165,,42,1,83.85
1129,21.935,71.175,,42,1,83.85
1130,21.935,71.185,,39,1,79.03
1131,21.935,71.195,,39,1,79.03
1132,21.935,71.205,,33,1,65.61
1133,21.935,71.215,,22,1,44
1134,21.935,71.225,,28,1,56.64
1135,21.935,71.235,,30,1,60.79
1136,21.935,71.245,,3,1,4.82
1137,21.935,71.255,,0,1,15.7
1138,21.935,71.265,,0,1,15.7
1139,21.935,71.275,,0,0,15.7
1140,21.935,71.285,,0,0,15.7
1141,21.935,71.295,,0,0,15.7
1142,21.935,71.305,,0,0,15.7
1143,21.935,71.315,,0,0,15.7
1144,21.925,70.885,,34,1,67.06
1145,21.925,70.895,,42,1,83.85
1146,21.925,70.905,,39,1,79.03
1147,21.925,70.915,,42,1,83.85
1148,21.925,70.925,,42,1,83.85
1149,21.925,70.935,,41,1,82.4
1150,21.925,70.945,,42,1,83.85
1151,21.925,70.955,,42,1,83.85
1152,21.925,70.965,,38,1,77.58
1153,21.925,70.975,,42,1,83.85
1154,21.925,70.985,,39,1,79.03
1155,21.925,70.995,,38,1,77.58
1156,21.925,71.005,,39,1,79.03
1157,21.925,71.015,,42,1,83.85
1158,21.925,71.025,,42,1,83.85
1159,21.925,71.035,,42,1,83.85
1160,21.925,71.045,,40,1,81.73
1161,21.925,71.055,,42,1,83.85
1162,21.925,71.065,,39,1,79.03
1163,21.925,71.075,,38,1,77.58
1164,21.925,71.085,,44,1,88
1165,21.925,71.095,,44,1,88
1166,21.925,71.105,,42,1,83.85
1167,21.925,71.115,,44,1,88
1168,21.925,71.125,,44,1,88
1169,21.925,71.135,,38,1,77.58
1170,21.925,71.145,,40,1,81.73
1171,21.925,71.155,,39,1,79.03
1172,21.925,71.165,,44,1,88
1173,21.925,71.175,,42,1,83.85
1174,21.925,71.185,,42,1,83.85
1175,21.925,71.195,,44,1,88
1176,21.925,71.205,,44,1,88
1177,21.925,71.215,,35,1,72.76
1178,21.925,71.225,,39,1,79.03
1179,21.925,71.235,,42,1,83.85
1180,21.925,71.245,,12,1,23.06
1181,21.925,71.255,,0,1,15.7
1182,21.925,71.265,,0,1,15.7
1183,21.925,71.275,,0,1,15.7
1184,21.925,71.285,,0,0,15.7
1185,21.925,71.295,,0,0,15.7
1186,21.925,71.305,,0,0,15.7
1187,21.925,71.315,,0,0,15.7
1188,21.915,70.885,,39,1,79.03
1189,21.915,70.895,,42,1,83.85
1190,21.915,70.905,,42,1,83.85
1191,21.915,70.915,,42,1,83.85
1192,21.915,70.925,,42,1,83.85
1193,21.915,70.935,,43,1,85.3
1194,21.915,70.945,,38,1,77.58
1195,21.915,70.955,,39,1,79.03
1196,21.915,70.965,,34,1,67.06
1197,21.915,70.975,,39,1,79.03
1198,21.915,70.985,,38,1,77.58
1199,21.915,70.995,,34,1,67.06
1200,21.915,71.005,,42,1,83.85
1201,21.915,71.015,,42,1,83.85
1202,21.915,71.025,,42,1,83.85
1203,21.915,71.035,,42,1,83.85
1204,21.915,71.045,,40,1,81.73
1205,21.915,71.055,,44,1,88
1206,21.915,71.065,,42,1,83.85
1207,21.915,71.075,,39,1,79.03
1208,21.915,71.085,,42,1,83.85
1209,21.915,71.095,,40,1,81.73
1210,21.915,71.105,,38,1,77.58
1211,21.915,71.115,,39,1,79.03
1212,21.915,71.125,,42,1,83.85
1213,21.915,71.135,,43,1,85.3
1214,21.915,71.145,,42,1,83.85
1215,21.915,71.155,,41,1,82.4
1216,21.915,71.165,,43,1,85.3
1217,21.915,71.175,,40,1,81.73
1218,21.915,71.185,,40,1,81.73
1219,21.915,71.195,,44,1,88
1220,21.915,71.205,,43,1,85.3
1221,21.915,71.215,,39,1,79.03
1222,21.915,71.225,,42,1,83.85
1223,21.915,71.235,,42,1,83.85
1224,21.915,71.245,,27,1,55.97
1225,21.915,71.255,,1,1,1.45
1226,21.915,71.265,,0,1,15.7
1227,21.915,71.275,,0,1,15.7
1228,21.915,71.285,,0,0,15.7
1229,21.915,71.295,,0,0,15.7
1230,21.915,71.305,,0,0,15.7
1231,21.915,71.315,,0,0,15.7
1232,21.905,70.885,,34,1,67.06
1233,21.905,70.895,,42,1,83.85
1234,21.905,70.905,,42,1,83.85
1235,21.905,70.915,,39,1,79.03
1236,21.905,70.925,,42,1,83.85
1237,21.905,70.935,,42,1,83.85
1238,21.905,70.945,,38,1,77.58
1239,21.905,70.955,,38,1,77.58
1240,21.905,70.965,,42,1,83.85
1241,21.905,70.975,,42,1,83.85
1242,21.905,70.985,,42,1,83.85
1243,21.905,70.995,,39,1,79.03
1244,21.905,71.005,,39,1,79.03
1245,21.905,71.015,,42,1,83.85
1246,21.905,71.025,,34,1,67.06
1247,21.905,71.035,,34,1,67.06
1248,21.905,71.045,,40,1,81.73
1249,21.905,71.055,,42,1,83.85
1250,21.905,71.065,,42,1,83.85
1251,21.905,71.075,,42,1,83.85
1252,21.905,71.085,,39,1,79.03
1253,21.905,71.095,,38,1,77.58
1254,21.905,71.105,,42,1,83.85
1255,21.905,71.115,,41,1,82.4
1256,21.905,71.125,,42,1,83.85
1257,21.905,71.135,,40,1,81.73
1258,21.905,71.145,,42,1,83.85
1259,21.905,71.155,,42,1,83.85
1260,21.905,71.165,,42,1,83.85
1261,21.905,71.175,,42,1,83.85
1262,21.905,71.185,,42,1,83.85
1263,21.905,71.195,,42,1,83.85
1264,21.905,71.205,,42,1,83.85
1265,21.905,71.215,,42,1,83.85
1266,21.905,71.225,,39,1,79.03
1267,21.905,71.235,,38,1,77.58
1268,21.905,71.245,,19,1,39.18
1269,21.905,71.255,,1,1,1.45
1270,21.905,71.265,,0,1,15.7
1271,21.905,71.275,,0,0,15.7
1272,21.905,71.285,,0,0,15.7
1273,21.905,71.295,,0,0,15.7
1274,21.905,71.305,,0,0,15.7
1275,21.905,71.315,,0,0,15.7
1276,21.895,70.885,,30,1,60.79
1277,21.895,70.895,,42,1,83.85
1278,21.895,70.905,,43,1,85.3
1279,21.895,70.915,,42,1,83.85
1280,21.895,70.925,,42,1,83.85
1281,21.895,70.935,,39,1,79.03
1282,21.895,70.945,,38,1,77.58
1283,21.895,70.955,,34,1,67.06
1284,21.895,70.965,,44,1,88
1285,21.895,70.975,,42,1,83.85
1286,21.895,70.985,,39,1,79.03
1287,21.895,70.995,,42,1,83.85
1288,21.895,71.005,,42,1,83.85
1289,21.895,71.015,,42,1,83.85
1290,21.895,71.025,,34,1,67.06
1291,21.895,71.035,,38,1,77.58
1292,21.895,71.045,,40,1,81.73
1293,21.895,71.055,,42,1,83.85
1294,21.895,71.065,,42,1,83.85
1295,21.895,71.075,,42,1,83.85
1296,21.895,71.085,,42,1,83.85
1297,21.895,71.095,,40,1,81.73
1298,21.895,71.105,,42,1,83.85
1299,21.895,71.115,,43,1,85.3
1300,21.895,71.125,,42,1,83.85
1301,21.895,71.135,,42,1,83.85
1302,21.895,71.145,,42,1,83.85
1303,21.895,71.155,,42,1,83.85
1304,21.895,71.165,,39,1,79.03
1305,21.895,71.175,,39,1,79.03
1306,21.895,71.185,,37,1,76.91
1307,21.895,71.195,,27,1,55.97
1308,21.895,71.205,,19,1,39.18
1309,21.895,71.215,,14,1,27.21
1310,21.895,71.225,,12,1,23.06
1311,21.895,71.235,,9,1,18.24
1312,21.895,71.245,,4,1,6.27
1313,21.895,71.255,,0,1,15.7
1314,21.895,71.265,,0,1,15.7
1315,21.895,71.275,,0,0,15.7
1316,21.895,71.285,,0,0,15.7
1317,21.895,71.295,,0,0,15.7
1318,21.895,71.305,,0,0,15.7
1319,21.895,71.315,,0,0,15.7
1320,21.885,70.885,,27,1,55.97
1321,21.885,70.895,,42,1,83.85
1322,21.885,70.905,,44,1,88
1323,21.885,70.915,,42,1,83.85
1324,21.885,70.925,,39,1,79.03
1325,21.885,70.935,,34,1,67.06
1326,21.885,70.945,,34,1,67.06
1327,21.885,70.955,,42,1,83.85
1328,21.885,70.965,,43,1,85.3
1329,21.885,70.975,,42,1,83.85
1330,21.885,70.985,,38,1,77.58
1331,21.885,70.995,,42,1,83.85
1332,21.885,71.005,,42,1,83.85
1333,21.885,71.015,,42,1,83.85
1334,21.885,71.025,,40,1,81.73
1335,21.885,71.035,,42,1,83.85
1336,21.885,71.045,,42,1,83.85
1337,21.885,71.055,,38,1,77.58
1338,21.885,71.065,,14,1,27.21
1339,21.885,71.075,,23,1,45.45
1340,21.885,71.085,,34,1,67.06
1341,21.885,71.095,,42,1,83.85
1342,21.885,71.105,,41,1,82.4
1343,21.885,71.115,,44,1,88
1344,21.885,71.125,,44,1,88
1345,21.885,71.135,,42,1,83.85
1346,21.885,71.145,,42,1,83.85
1347,21.885,71.155,,34,1,67.06
1348,21.885,71.165,,33,1,65.61
1349,21.885,71.175,,34,1,67.06
1350,21.885,71.185,,14,1,27.21
1351,21.885,71.195,,4,1,6.27
1352,21.885,71.205,,2,1,4.15
1353,21.885,71.215,,1,1,1.45
1354,21.885,71.225,,1,1,1.45
1355,21.885,71.235,,0,1,15.7
1356,21.885,71.245,,0,1,15.7
1357,21.885,71.255,,0,1,15.7
1358,21.885,71.265,,0,0,15.7
1359,21.885,71.275,,0,0,15.7
1360,21.885,71.285,,0,0,15.7
1361,21.885,71.295,,0,0,15.7
1362,21.885,71.305,,0,0,15.7
1363,21.885,71.315,,0,0,15.7
1364,21.875,70.885,,14,1,27.21
1365,21.875,70.895,,42,1,83.85
1366,21.875,70.905,,43,1,85.3
1367,21.875,70.915,,42,1,83.85
1368,21.875,70.925,,42,1,83.85
1369,21.875,70.935,,42,1,83.85
1370,21.875,70.945,,40,1,81.73
1371,21.875,70.955,,43,1,85.3
1372,21.875,70.965,,42,1,83.85
1373,21.875,70.975,,36,1,74.21
1374,21.875,70.985,,34,1,67.06
1375,21.875,70.995,,43,1,85.3
1376,21.875,71.005,,42,1,83.85
1377,21.875,71.015,,30,1,60.79
1378,21.875,71.025,,18,1,37.73
1379,21.875,71.035,,17,1,35.03
1380,21.875,71.045,,20,1,39.85
1381,21.875,71.055,,4,1,6.27
1382,21.875,71.065,,1,1,1.45
1383,21.875,71.075,,2,1,4.15
1384,21.875,71.085,,7,1,11.09
1385,21.875,71.095,,19,1,39.18
1386,21.875,71.105,,30,1,60.79
1387,21.875,71.115,,25,1,48.82
1388,21.875,71.125,,14,1,27.21
1389,21.875,71.135,,9,1,18.24
1390,21.875,71.145,,4,1,6.27
1391,21.875,71.155,,4,1,6.27
1392,21.875,71.165,,4,1,6.27
1393,21.875,71.175,,4,1,6.27
1394,21.875,71.185,,1,1,1.45
1395,21.875,71.195,,0,1,15.7
1396,21.875,71.205,,0,1,15.7
1397,21.875,71.215,,0,1,15.7
1398,21.875,71.225,,0,1,15.7
1399,21.875,71.235,,0,1,15.7
1400,21.875,71.245,,0,1,15.7
1401,21.875,71.255,,0,1,15.7
1402,21.875,71.265,,0,1,15.7
1403,21.875,71.275,,0,0,15.7
1404,21.875,71.285,,0,0,15.7
1405,21.875,71.295,,0,0,15.7
1406,21.875,71.305,,0,0,15.7
1407,21.875,71.315,,0,0,15.7
1408,21.865,70.885,,1,1,1.45
1409,21.865,70.895,,27,1,55.97
1410,21.865,70.905,,39,1,79.03
1411,21.865,70.915,,33,1,65.61
1412,21.865,70.925,,38,1,77.58
1413,21.865,70.935,,42,1,83.85
1414,21.865,70.945,,40,1,81.73
1415,21.865,70.955,,42,1,83.85
1416,21.865,70.965,,42,1,83.85
1417,21.865,70.975,,34,1,67.06
1418,21.865,70.985,,18,1,37.73
1419,21.865,70.995,,12,1,23.06
1420,21.865,71.005,,7,1,11.09
1421,21.865,71.015,,0,0,15.7
1422,21.865,71.025,,0,1,15.7
1423,21.865,71.035,,0,1,15.7
1424,21.865,71.045,,0,1,15.7
1425,21.865,71.055,,0,1,15.7
1426,21.865,71.065,,0,1,15.7
1427,21.865,71.075,,0,1,15.7
1428,21.865,71.085,,0,1,15.7
1429,21.865,71.095,,1,0,1.45
1430,21.865,71.105,,1,0,1.45
1431,21.865,71.115,,0,1,15.7
1432,21.865,71.125,,0,1,15.7
1433,21.865,71.135,,0,1,15.7
1434,21.865,71.145,,0,1,15.7
1435,21.865,71.155,,0,1,15.7
1436,21.865,71.165,,0,1,15.7
1437,21.865,71.175,,0,1,15.7
1438,21.865,71.185,,0,1,15.7
1439,21.865,71.195,,0,1,15.7
1440,21.865,71.205,,0,0,15.7
1441,21.865,71.215,,0,0,15.7
1442,21.865,71.225,,0,0,15.7
1443,21.865,71.235,,0,0,15.7
1444,21.865,71.245,,0,1,15.7
1445,21.865,71.255,,0,1,15.7
1446,21.865,71.265,,0,1,15.7
1447,21.865,71.275,,0,0,15.7
1448,21.865,71.285,,0,0,15.7
1449,21.865,71.295,,0,0,15.7
1450,21.865,71.305,,0,0,15.7
1451,21.865,71.315,,0,0,15.7
1452,21.855,70.885,,1,1,1.45
1453,21.855,70.895,,14,1,27.21
1454,21.855,70.905,,39,1,79.03
1455,21.855,70.915,,37,1,76.91
1456,21.855,70.925,,38,1,77.58
1457,21.855,70.935,,42,1,83.85
1458,21.855,70.945,,39,1,79.03
1459,21.855,70.955,,15,1,27.88
1460,21.855,70.965,,10,1,20.94
1461,21.855,70.975,,2,1,4.15
1462,21.855,70.985,,0,1,15.7
1463,21.855,70.995,,0,1,15.7
1464,21.855,71.005,,0,1,15.7
1465,21.855,71.015,,0,0,15.7
1466,21.855,71.025,,0,0,15.7
1467,21.855,71.035,,0,0,15.7
1468,21.855,71.045,,0,0,15.7
1469,21.855,71.055,,0,1,15.7
1470,21.855,71.065,,0,1,15.7
1471,21.855,71.075,,0,0,15.7
1472,21.855,71.085,,0,0,15.7
1473,21.855,71.095,,0,0,15.7
1474,21.855,71.105,,0,0,15.7
1475,21.855,71.115,,0,1,15.7
1476,21.855,71.125,,0,1,15.7
1477,21.855,71.135,,0,1,15.7
1478,21.855,71.145,,0,1,15.7
1479,21.855,71.155,,0,1,15.7
1480,21.855,71.165,,0,1,15.7
1481,21.855,71.175,,0,1,15.7
1482,21.855,71.185,,0,1,15.7
1483,21.855,71.195,,0,1,15.7
1484,21.855,71.205,,0,0,15.7
1485,21.855,71.215,,0,0,15.7
1486,21.855,71.225,,0,0,15.7
1487,21.855,71.235,,0,0,15.7
1488,21.855,71.245,,0,0,15.7
1489,21.855,71.255,,0,0,15.7
1490,21.855,71.265,,0,0,15.7
1491,21.855,71.275,,0,0,15.7
1492,21.855,71.285,,0,0,15.7
1493,21.855,71.295,,0,0,15.7
1494,21.855,71.305,,0,0,15.7
1495,21.855,71.315,,0,0,15.7
1496,21.845,70.885,,0,1,15.7
1497,21.845,70.895,,4,1,6.27
1498,21.845,70.905,,26,1,50.27
1499,21.845,70.915,,33,1,65.61
1500,21.845,70.925,,32,1,62.91
1501,21.845,70.935,,33,1,65.61
1502,21.845,70.945,,12,1,23.06
1503,21.845,70.955,,1,1,1.45
1504,21.845,70.965,,0,1,15.7
1505,21.845,70.975,,0,1,15.7
1506,21.845,70.985,,0,1,15.7
1507,21.845,70.995,,0,1,15.7
1508,21.845,71.005,,0,1,15.7
1509,21.845,71.015,,0,0,15.7
1510,21.845,71.025,,0,0,15.7
1511,21.845,71.035,,0,0,15.7
1512,21.845,71.045,,0,0,15.7
1513,21.845,71.055,,0,0,15.7
1514,21.845,71.065,,0,0,15.7
1515,21.845,71.075,,0,0,15.7
1516,21.845,71.085,,0,0,15.7
1517,21.845,71.095,,0,0,15.7
1518,21.845,71.105,,0,0,15.7
1519,21.845,71.115,,0,1,15.7
1520,21.845,71.125,,0,1,15.7
1521,21.845,71.135,,0,1,15.7
1522,21.845,71.145,,0,0,15.7
1523,21.845,71.155,,0,1,15.7
1524,21.845,71.165,,0,1,15.7
1525,21.845,71.175,,0,1,15.7
1526,21.845,71.185,,0,1,15.7
1527,21.845,71.195,,0,0,15.7
1528,21.845,71.205,,0,0,15.7
1529,21.845,71.215,,0,0,15.7
1530,21.845,71.225,,0,0,15.7
1531,21.845,71.235,,0,0,15.7
1532,21.845,71.245,,0,0,15.7
1533,21.845,71.255,,0,0,15.7
1534,21.845,71.265,,0,0,15.7
1535,21.845,71.275,,0,0,15.7
1536,21.845,71.285,,0,0,15.7
1537,21.845,71.295,,0,0,15.7
1538,21.845,71.305,,0,0,15.7
1539,21.845,71.315,,0,0,15.7
1540,21.835,70.885,,0,1,15.7
1541,21.835,70.895,,0,1,15.7
1542,21.835,70.905,,4,1,6.27
1543,21.835,70.915,,15,1,27.88
1544,21.835,70.925,,27,1,55.97
1545,21.835,70.935,,22,1,44
1546,21.835,70.945,,4,1,6.27
1547,21.835,70.955,,0,1,15.7
1548,21.835,70.965,,0,1,15.7
1549,21.835,70.975,,0,1,15.7
1550,21.835,70.985,,0,1,15.7
1551,21.835,70.995,,0,1,15.7
1552,21.835,71.005,,0,1,15.7
1553,21.835,71.015,,0,0,15.7
1554,21.835,71.025,,0,0,15.7
1555,21.835,71.035,,0,0,15.7
1556,21.835,71.045,,0,0,15.7
1557,21.835,71.055,,0,0,15.7
1558,21.835,71.065,,0,0,15.7
1559,21.835,71.075,,0,0,15.7
1560,21.835,71.085,,0,0,15.7
1561,21.835,71.095,,0,0,15.7
1562,21.835,71.105,,0,0,15.7
1563,21.835,71.115,,0,0,15.7
1564,21.835,71.125,,0,0,15.7
1565,21.835,71.135,,0,0,15.7
1566,21.835,71.145,,0,0,15.7
1567,21.835,71.155,,0,0,15.7
1568,21.835,71.165,,0,1,15.7
1569,21.835,71.175,,0,0,15.7
1570,21.835,71.185,,0,0,15.7
1571,21.835,71.195,,0,0,15.7
1572,21.835,71.205,,0,0,15.7
1573,21.835,71.215,,0,0,15.7
1574,21.835,71.225,,0,0,15.7
1575,21.835,71.235,,0,0,15.7
1576,21.835,71.245,,0,0,15.7
1577,21.835,71.255,,0,0,15.7
1578,21.835,71.265,,0,0,15.7
1579,21.835,71.275,,0,0,15.7
1580,21.835,71.285,,0,0,15.7
1581,21.835,71.295,,0,0,15.7
1582,21.835,71.305,,0,0,15.7
1583,21.835,71.315,,0,0,15.7
